{"version": "1", "message": "ERROR: Hidden Testcases server unreachable.", "problem_id": "ads2_m16_a1_1", "user_id": "bhaskaravsravya", "score": {"sample": {"0": {"execution_time": 0.3743572235107422, "passed": true}, "1": {"execution_time": 0.33506250381469727, "passed": true}, "2": {"execution_time": 0.9647703170776367, "passed": true}, "3": {"execution_time": 1.5333342552185059, "passed": true}, "4": {"execution_time": 0.9618055820465088, "passed": true}, "5": {"execution_time": 0.948082447052002, "passed": true}, "6": {"execution_time": 1.0523791313171387, "passed": true}, "7": {"execution_time": 1.0663573741912842, "passed": true}, "8": {"execution_time": 0.5133497714996338, "passed": true}, "9": {"execution_time": 1.0223100185394287, "passed": true}, "10": {"execution_time": 1.2478125095367432, "passed": true}, "11": {"execution_time": 4.124639272689819, "passed": true}, "12": {"execution_time": 0.9807052612304688, "passed": true}, "13": {"execution_time": 0.4666280746459961, "passed": true}, "14": {"execution_time": 1.3160502910614014, "passed": true}, "15": {"execution_time": 1.0839762687683105, "passed": true}, "16": {"execution_time": 0.5615668296813965, "passed": true}, "17": {"execution_time": 0.35317492485046387, "passed": true}, "18": {"execution_time": 0.31968188285827637, "passed": true}, "19": {"execution_time": 0.45911645889282227, "passed": true}, "20": {"execution_time": 0.4355580806732178, "passed": true}, "21": {"execution_time": 0.41219234466552734, "passed": true}, "22": {"execution_time": 0.3980691432952881, "passed": true}, "23": {"execution_time": 0.5748226642608643, "passed": true}, "24": {"execution_time": 0.2826652526855469, "passed": true}, "25": {"execution_time": 1.0218217372894287, "passed": true}, "26": {"execution_time": 0.8200373649597168, "passed": true}, "27": {"execution_time": 1.7020156383514404, "passed": true}, "28": {"execution_time": 1.9373893737792969, "passed": true}, "29": {"execution_time": 0.3762195110321045, "passed": true}}}, "check_style_score": "0/1"}