{"version": "1", "message": "ERROR: Hidden Testcases server unreachable.", "problem_id": "ads2_m16_a1_1", "user_id": "bhaskaravsravya", "score": {"sample": {"0": {"execution_time": 0.3330650329589844, "passed": false}, "1": {"execution_time": 0.34470677375793457, "passed": false}, "2": {"execution_time": 1.3030827045440674, "passed": false}, "3": {"execution_time": 0.9099483489990234, "passed": false}, "4": {"execution_time": 0.9213814735412598, "passed": false}, "5": {"execution_time": 1.0434446334838867, "passed": false}, "6": {"execution_time": 0.9447836875915527, "passed": false}, "7": {"execution_time": 0.9560353755950928, "passed": false}, "8": {"execution_time": 1.0132801532745361, "passed": false}, "9": {"execution_time": 0.9132490158081055, "passed": false}, "10": {"execution_time": 1.03731369972229, "passed": false}, "11": {"execution_time": 2.8634495735168457, "passed": true}, "12": {"execution_time": 0.9863855838775635, "passed": false}, "13": {"execution_time": 0.3613135814666748, "passed": true}, "14": {"execution_time": 0.9236946105957031, "passed": false}, "15": {"execution_time": 1.0250027179718018, "passed": false}, "16": {"execution_time": 0.39142513275146484, "passed": false}, "17": {"execution_time": 0.8852386474609375, "passed": false}, "18": {"execution_time": 0.37837815284729004, "passed": false}, "19": {"execution_time": 0.4466726779937744, "passed": false}, "20": {"execution_time": 0.4829854965209961, "passed": false}, "21": {"execution_time": 0.3464975357055664, "passed": false}, "22": {"execution_time": 0.6860103607177734, "passed": false}, "23": {"execution_time": 0.35082530975341797, "passed": false}, "24": {"execution_time": 0.28371334075927734, "passed": true}, "25": {"execution_time": 1.0165793895721436, "passed": false}, "26": {"execution_time": 1.3437354564666748, "passed": false}, "27": {"execution_time": 0.9946143627166748, "passed": false}, "28": {"execution_time": 1.6869711875915527, "passed": false}, "29": {"execution_time": 0.6087841987609863, "passed": true}}}, "check_style_score": "0/1"}