{"version": "1", "message": "ERROR: Hidden Testcases server unreachable.", "problem_id": "ads2_m16_a1_1", "user_id": "bhaskaravsravya", "score": {"sample": {"0": {"execution_time": 0.5053696632385254, "passed": true}, "1": {"execution_time": 0.4830961227416992, "passed": true}, "2": {"execution_time": 1.2534687519073486, "passed": true}, "3": {"execution_time": 1.0488591194152832, "passed": true}, "4": {"execution_time": 1.3832871913909912, "passed": true}, "5": {"execution_time": 1.3573925495147705, "passed": true}, "6": {"execution_time": 1.0712504386901855, "passed": true}, "7": {"execution_time": 1.327077865600586, "passed": true}, "8": {"execution_time": 0.5073504447937012, "passed": true}, "9": {"execution_time": 1.3061206340789795, "passed": true}, "10": {"execution_time": 1.0445678234100342, "passed": true}, "11": {"execution_time": 3.210256814956665, "passed": true}, "12": {"execution_time": 1.0799143314361572, "passed": true}, "13": {"execution_time": 0.4441697597503662, "passed": true}, "14": {"execution_time": 1.0791411399841309, "passed": true}, "15": {"execution_time": 1.0467205047607422, "passed": true}, "16": {"execution_time": 0.5955767631530762, "passed": true}, "17": {"execution_time": 0.6076605319976807, "passed": true}, "18": {"execution_time": 0.5277297496795654, "passed": true}, "19": {"execution_time": 0.4976637363433838, "passed": true}, "20": {"execution_time": 0.6407461166381836, "passed": true}, "21": {"execution_time": 0.4783639907836914, "passed": true}, "22": {"execution_time": 0.6428625583648682, "passed": true}, "23": {"execution_time": 0.403562068939209, "passed": true}, "24": {"execution_time": 0.4854755401611328, "passed": true}, "25": {"execution_time": 1.3555257320404053, "passed": true}, "26": {"execution_time": 1.2531661987304688, "passed": true}, "27": {"execution_time": 1.4022789001464844, "passed": true}, "28": {"execution_time": 1.9021530151367188, "passed": true}, "29": {"execution_time": 0.45099616050720215, "passed": true}}}, "check_style_score": "0/1"}