{"version": "1", "message": "ERROR: Hidden Testcases server unreachable.", "problem_id": "ads2_m16_a1_1", "user_id": "bhaskaravsravya", "score": {"sample": {"0": {"execution_time": 2.444767475128174, "passed": true}, "1": {"execution_time": 2.403733015060425, "passed": true}, "2": {"execution_time": 10.138368606567383, "passed": false}, "3": {"execution_time": 10.137326002120972, "passed": false}, "4": {"execution_time": 10.1586332321167, "passed": false}, "5": {"execution_time": 10.143665790557861, "passed": false}, "6": {"execution_time": 10.141131162643433, "passed": false}, "7": {"execution_time": 10.141544818878174, "passed": false}, "8": {"execution_time": 3.92303466796875, "passed": true}, "9": {"execution_time": 10.105141639709473, "passed": false}, "10": {"execution_time": 10.123766422271729, "passed": false}, "11": {"execution_time": 10.030189990997314, "passed": false}, "12": {"execution_time": 10.140954732894897, "passed": false}, "13": {"execution_time": 1.8967697620391846, "passed": true}, "14": {"execution_time": 10.105304718017578, "passed": false}, "15": {"execution_time": 10.174379825592041, "passed": false}, "16": {"execution_time": 3.78701114654541, "passed": true}, "17": {"execution_time": 3.6395742893218994, "passed": true}, "18": {"execution_time": 3.9530417919158936, "passed": true}, "19": {"execution_time": 10.036105632781982, "passed": false}, "20": {"execution_time": 10.047659158706665, "passed": false}, "21": {"execution_time": 3.5702784061431885, "passed": true}, "22": {"execution_time": 3.9843127727508545, "passed": true}, "23": {"execution_time": 10.054703712463379, "passed": false}, "24": {"execution_time": 1.7643892765045166, "passed": true}, "25": {"execution_time": 10.128769397735596, "passed": false}, "26": {"execution_time": 10.098451614379883, "passed": false}, "27": {"execution_time": 10.167962789535522, "passed": false}, "28": {"execution_time": 10.187085151672363, "passed": false}, "29": {"execution_time": 0.6699402332305908, "passed": false}}}, "check_style_score": "0/1"}