{"version": "1", "message": "ERROR: Hidden Testcases server unreachable.", "problem_id": "ads2_m16_a1_1", "user_id": "bhaskaravsravya", "score": {"sample": {"0": {"execution_time": 0.3177053928375244, "passed": false}, "1": {"execution_time": 0.29255151748657227, "passed": false}, "2": {"execution_time": 0.9372546672821045, "passed": false}, "3": {"execution_time": 0.8785440921783447, "passed": false}, "4": {"execution_time": 0.9034838676452637, "passed": false}, "5": {"execution_time": 1.326629877090454, "passed": false}, "6": {"execution_time": 0.9974706172943115, "passed": false}, "7": {"execution_time": 0.9126653671264648, "passed": false}, "8": {"execution_time": 0.39391040802001953, "passed": false}, "9": {"execution_time": 1.0488767623901367, "passed": false}, "10": {"execution_time": 0.9285011291503906, "passed": false}, "11": {"execution_time": 3.2126753330230713, "passed": true}, "12": {"execution_time": 0.9377007484436035, "passed": false}, "13": {"execution_time": 0.9485111236572266, "passed": true}, "14": {"execution_time": 0.9200758934020996, "passed": false}, "15": {"execution_time": 1.0130748748779297, "passed": false}, "16": {"execution_time": 0.37360501289367676, "passed": false}, "17": {"execution_time": 0.6629452705383301, "passed": false}, "18": {"execution_time": 0.4105095863342285, "passed": false}, "19": {"execution_time": 0.3928864002227783, "passed": false}, "20": {"execution_time": 0.5507895946502686, "passed": false}, "21": {"execution_time": 0.6733527183532715, "passed": false}, "22": {"execution_time": 0.40706562995910645, "passed": false}, "23": {"execution_time": 0.3503251075744629, "passed": false}, "24": {"execution_time": 0.2610816955566406, "passed": true}, "25": {"execution_time": 1.003018856048584, "passed": false}, "26": {"execution_time": 0.8442385196685791, "passed": false}, "27": {"execution_time": 1.039015531539917, "passed": false}, "28": {"execution_time": 1.7014033794403076, "passed": false}, "29": {"execution_time": 0.5740694999694824, "passed": true}}}, "check_style_score": "0/1"}