{"version": "1", "message": "ERROR: Hidden Testcases server unreachable.", "problem_id": "ads2_m16_a1_1", "user_id": "bhaskaravsravya", "score": {"sample": {"0": {"execution_time": 1.9203720092773438, "passed": true}, "1": {"execution_time": 2.0380489826202393, "passed": true}, "2": {"execution_time": 10.085949897766113, "passed": false}, "3": {"execution_time": 10.079979658126831, "passed": false}, "4": {"execution_time": 10.083382606506348, "passed": false}, "5": {"execution_time": 10.087032318115234, "passed": false}, "6": {"execution_time": 10.12123417854309, "passed": false}, "7": {"execution_time": 10.078376531600952, "passed": false}, "8": {"execution_time": 3.584932804107666, "passed": true}, "9": {"execution_time": 10.091216802597046, "passed": false}, "10": {"execution_time": 10.091859579086304, "passed": false}, "11": {"execution_time": 10.002014398574829, "passed": false}, "12": {"execution_time": 10.09242558479309, "passed": false}, "13": {"execution_time": 1.7133653163909912, "passed": true}, "14": {"execution_time": 10.094787359237671, "passed": false}, "15": {"execution_time": 10.133315801620483, "passed": false}, "16": {"execution_time": 3.5148441791534424, "passed": true}, "17": {"execution_time": 3.3542182445526123, "passed": true}, "18": {"execution_time": 3.7675604820251465, "passed": true}, "19": {"execution_time": 10.021702766418457, "passed": false}, "20": {"execution_time": 10.027840375900269, "passed": false}, "21": {"execution_time": 3.352651834487915, "passed": true}, "22": {"execution_time": 3.64100980758667, "passed": true}, "23": {"execution_time": 10.020575284957886, "passed": false}, "24": {"execution_time": 1.5534663200378418, "passed": true}, "25": {"execution_time": 10.142249584197998, "passed": false}, "26": {"execution_time": 10.090514421463013, "passed": false}, "27": {"execution_time": 10.105873823165894, "passed": false}, "28": {"execution_time": 10.178563117980957, "passed": false}, "29": {"execution_time": 0.22069573402404785, "passed": true}}}, "check_style_score": "0/1"}