{"version": "1", "message": "ERROR: Hidden Testcases server unreachable.", "problem_id": "ads2_m16_a1_1", "user_id": "bhaskaravsravya", "score": {"sample": {"0": {"execution_time": 1.0015943050384521, "passed": true}, "1": {"execution_time": 0.4017481803894043, "passed": true}, "2": {"execution_time": 2.387784957885742, "passed": true}, "3": {"execution_time": 1.1302831172943115, "passed": true}, "4": {"execution_time": 2.4632086753845215, "passed": true}, "5": {"execution_time": 2.557178497314453, "passed": true}, "6": {"execution_time": 2.4310214519500732, "passed": true}, "7": {"execution_time": 0.9559710025787354, "passed": true}, "8": {"execution_time": 0.4037957191467285, "passed": true}, "9": {"execution_time": 2.123431921005249, "passed": true}, "10": {"execution_time": 1.8079876899719238, "passed": true}, "11": {"execution_time": 4.116159439086914, "passed": true}, "12": {"execution_time": 2.0994694232940674, "passed": true}, "13": {"execution_time": 1.3908493518829346, "passed": true}, "14": {"execution_time": 1.9546985626220703, "passed": true}, "15": {"execution_time": 1.3115031719207764, "passed": true}, "16": {"execution_time": 0.5305752754211426, "passed": true}, "17": {"execution_time": 0.7636547088623047, "passed": true}, "18": {"execution_time": 0.5610649585723877, "passed": true}, "19": {"execution_time": 1.3174102306365967, "passed": true}, "20": {"execution_time": 0.8868434429168701, "passed": true}, "21": {"execution_time": 1.0685575008392334, "passed": true}, "22": {"execution_time": 0.35332751274108887, "passed": true}, "23": {"execution_time": 0.3751099109649658, "passed": true}, "24": {"execution_time": 0.2584652900695801, "passed": true}, "25": {"execution_time": 1.228456735610962, "passed": true}, "26": {"execution_time": 2.0272772312164307, "passed": true}, "27": {"execution_time": 1.067430019378662, "passed": true}, "28": {"execution_time": 2.8836567401885986, "passed": true}, "29": {"execution_time": 0.35701441764831543, "passed": true}}}, "check_style_score": "0/1"}