{"version": "1", "message": "ERROR: Hidden Testcases server unreachable.", "problem_id": "ads2_m16_a1_1", "user_id": "bhaskaravsravya", "score": {"sample": {"0": {"execution_time": 1.7272448539733887, "passed": true}, "1": {"execution_time": 2.1066086292266846, "passed": true}, "2": {"execution_time": 4.289031267166138, "passed": true}, "3": {"execution_time": 3.3175477981567383, "passed": true}, "4": {"execution_time": 2.6742899417877197, "passed": true}, "5": {"execution_time": 2.4112062454223633, "passed": true}, "6": {"execution_time": 2.5818753242492676, "passed": true}, "7": {"execution_time": 1.8428709506988525, "passed": true}, "8": {"execution_time": 0.7169449329376221, "passed": true}, "9": {"execution_time": 1.7586164474487305, "passed": true}, "10": {"execution_time": 2.1442360877990723, "passed": true}, "11": {"execution_time": 7.102312326431274, "passed": true}, "12": {"execution_time": 1.8897521495819092, "passed": true}, "13": {"execution_time": 0.472841739654541, "passed": true}, "14": {"execution_time": 1.8823649883270264, "passed": true}, "15": {"execution_time": 2.1691582202911377, "passed": true}, "16": {"execution_time": 0.6729543209075928, "passed": true}, "17": {"execution_time": 1.0465612411499023, "passed": true}, "18": {"execution_time": 0.7295074462890625, "passed": true}, "19": {"execution_time": 0.7751126289367676, "passed": true}, "20": {"execution_time": 0.8570804595947266, "passed": true}, "21": {"execution_time": 0.6827735900878906, "passed": true}, "22": {"execution_time": 0.7146549224853516, "passed": true}, "23": {"execution_time": 0.6661298274993896, "passed": true}, "24": {"execution_time": 0.5188989639282227, "passed": true}, "25": {"execution_time": 2.770054578781128, "passed": true}, "26": {"execution_time": 1.9269185066223145, "passed": true}, "27": {"execution_time": 1.8681871891021729, "passed": true}, "28": {"execution_time": 3.463073968887329, "passed": true}, "29": {"execution_time": 0.4884355068206787, "passed": true}}}, "check_style_score": "0/1"}