{"version": "1", "message": "ERROR: Hidden Testcases server unreachable.", "problem_id": "ads2_m16_a1_1", "user_id": "bhaskaravsravya", "score": {"sample": {"0": {"execution_time": 0.8833792209625244, "passed": true}, "1": {"execution_time": 0.6176142692565918, "passed": true}, "2": {"execution_time": 1.8661608695983887, "passed": true}, "3": {"execution_time": 1.9378061294555664, "passed": true}, "4": {"execution_time": 1.8928191661834717, "passed": true}, "5": {"execution_time": 1.807440996170044, "passed": true}, "6": {"execution_time": 2.0679996013641357, "passed": true}, "7": {"execution_time": 1.7622044086456299, "passed": true}, "8": {"execution_time": 0.9280633926391602, "passed": true}, "9": {"execution_time": 3.0591533184051514, "passed": true}, "10": {"execution_time": 1.8262152671813965, "passed": true}, "11": {"execution_time": 8.493422269821167, "passed": true}, "12": {"execution_time": 1.663464069366455, "passed": true}, "13": {"execution_time": 0.8951945304870605, "passed": true}, "14": {"execution_time": 1.8163127899169922, "passed": true}, "15": {"execution_time": 1.7643682956695557, "passed": true}, "16": {"execution_time": 0.8710479736328125, "passed": true}, "17": {"execution_time": 0.7774996757507324, "passed": true}, "18": {"execution_time": 0.6692361831665039, "passed": true}, "19": {"execution_time": 1.0808134078979492, "passed": true}, "20": {"execution_time": 0.7810754776000977, "passed": true}, "21": {"execution_time": 0.8818376064300537, "passed": true}, "22": {"execution_time": 0.6203279495239258, "passed": true}, "23": {"execution_time": 0.6718332767486572, "passed": true}, "24": {"execution_time": 0.8458828926086426, "passed": true}, "25": {"execution_time": 1.7757112979888916, "passed": true}, "26": {"execution_time": 1.5698926448822021, "passed": true}, "27": {"execution_time": 2.0212252140045166, "passed": true}, "28": {"execution_time": 3.249079942703247, "passed": true}, "29": {"execution_time": 0.6497979164123535, "passed": true}}}, "check_style_score": "0/1"}