{"version": "1", "message": "ERROR: Hidden Testcases server unreachable.", "problem_id": "ads2_m16_a1_1", "user_id": "bhaskaravsravya", "score": {"sample": {"0": {"execution_time": 0.6568827629089355, "passed": true}, "1": {"execution_time": 0.6380195617675781, "passed": true}, "2": {"execution_time": 1.1924993991851807, "passed": true}, "3": {"execution_time": 1.426412582397461, "passed": true}, "4": {"execution_time": 1.1679606437683105, "passed": true}, "5": {"execution_time": 1.45094633102417, "passed": true}, "6": {"execution_time": 1.4067981243133545, "passed": true}, "7": {"execution_time": 1.4620800018310547, "passed": true}, "8": {"execution_time": 0.7055363655090332, "passed": true}, "9": {"execution_time": 1.3304171562194824, "passed": true}, "10": {"execution_time": 1.132194995880127, "passed": true}, "11": {"execution_time": 4.228992938995361, "passed": true}, "12": {"execution_time": 1.4186673164367676, "passed": true}, "13": {"execution_time": 0.6533167362213135, "passed": true}, "14": {"execution_time": 1.9649381637573242, "passed": true}, "15": {"execution_time": 1.846635103225708, "passed": true}, "16": {"execution_time": 1.3530211448669434, "passed": true}, "17": {"execution_time": 0.7679955959320068, "passed": true}, "18": {"execution_time": 0.6495239734649658, "passed": true}, "19": {"execution_time": 0.8934237957000732, "passed": true}, "20": {"execution_time": 0.8985145092010498, "passed": true}, "21": {"execution_time": 1.0338494777679443, "passed": true}, "22": {"execution_time": 0.7188160419464111, "passed": true}, "23": {"execution_time": 1.111696481704712, "passed": true}, "24": {"execution_time": 0.5265040397644043, "passed": true}, "25": {"execution_time": 2.0349743366241455, "passed": true}, "26": {"execution_time": 1.610281229019165, "passed": true}, "27": {"execution_time": 1.999514102935791, "passed": true}, "28": {"execution_time": 3.1089048385620117, "passed": true}, "29": {"execution_time": 0.7594773769378662, "passed": true}}}, "check_style_score": "0/1"}