{"version": "1", "message": "ERROR: Hidden Testcases server unreachable.", "problem_id": "ads2_m16_a1_1", "user_id": "bhaskaravsravya", "score": {"sample": {"0": {"execution_time": 0.5577502250671387, "passed": true}, "1": {"execution_time": 0.6452724933624268, "passed": true}, "2": {"execution_time": 1.410271167755127, "passed": true}, "3": {"execution_time": 1.4752166271209717, "passed": true}, "4": {"execution_time": 1.156804084777832, "passed": true}, "5": {"execution_time": 1.3595857620239258, "passed": true}, "6": {"execution_time": 1.568307876586914, "passed": true}, "7": {"execution_time": 1.3238039016723633, "passed": true}, "8": {"execution_time": 0.6327674388885498, "passed": true}, "9": {"execution_time": 1.743638515472412, "passed": true}, "10": {"execution_time": 1.1578245162963867, "passed": true}, "11": {"execution_time": 3.65059232711792, "passed": true}, "12": {"execution_time": 1.2253291606903076, "passed": true}, "13": {"execution_time": 0.6490991115570068, "passed": true}, "14": {"execution_time": 1.5286238193511963, "passed": true}, "15": {"execution_time": 1.468153953552246, "passed": true}, "16": {"execution_time": 0.7741405963897705, "passed": true}, "17": {"execution_time": 0.7249224185943604, "passed": true}, "18": {"execution_time": 0.6176803112030029, "passed": true}, "19": {"execution_time": 0.7822544574737549, "passed": true}, "20": {"execution_time": 0.613405704498291, "passed": true}, "21": {"execution_time": 0.8623862266540527, "passed": true}, "22": {"execution_time": 0.6464529037475586, "passed": true}, "23": {"execution_time": 0.5641465187072754, "passed": true}, "24": {"execution_time": 0.8334817886352539, "passed": true}, "25": {"execution_time": 1.384901523590088, "passed": true}, "26": {"execution_time": 2.030475616455078, "passed": true}, "27": {"execution_time": 1.524437427520752, "passed": true}, "28": {"execution_time": 2.4473206996917725, "passed": true}, "29": {"execution_time": 0.5108649730682373, "passed": true}}}, "check_style_score": "0/1"}