{"version": "1", "message": "ERROR: Hidden Testcases server unreachable.", "problem_id": "ads2_m16_a1_1", "user_id": "bhaskaravsravya", "score": {"sample": {"0": {"execution_time": 0.4259052276611328, "passed": true}, "1": {"execution_time": 0.8510622978210449, "passed": true}, "2": {"execution_time": 1.4213075637817383, "passed": true}, "3": {"execution_time": 1.4983444213867188, "passed": true}, "4": {"execution_time": 1.2766048908233643, "passed": true}, "5": {"execution_time": 1.4120047092437744, "passed": true}, "6": {"execution_time": 1.2890269756317139, "passed": true}, "7": {"execution_time": 1.0755095481872559, "passed": true}, "8": {"execution_time": 0.8308849334716797, "passed": true}, "9": {"execution_time": 1.3189475536346436, "passed": true}, "10": {"execution_time": 1.933835744857788, "passed": true}, "11": {"execution_time": 4.086974382400513, "passed": true}, "12": {"execution_time": 1.367464542388916, "passed": true}, "13": {"execution_time": 0.6485762596130371, "passed": true}, "14": {"execution_time": 1.290193796157837, "passed": true}, "15": {"execution_time": 1.825608491897583, "passed": true}, "16": {"execution_time": 0.5686774253845215, "passed": true}, "17": {"execution_time": 0.656120777130127, "passed": true}, "18": {"execution_time": 1.2592520713806152, "passed": true}, "19": {"execution_time": 0.7560977935791016, "passed": true}, "20": {"execution_time": 2.5976524353027344, "passed": true}, "21": {"execution_time": 2.0450894832611084, "passed": true}, "22": {"execution_time": 0.8844282627105713, "passed": true}, "23": {"execution_time": 1.9104280471801758, "passed": true}, "24": {"execution_time": 0.5034279823303223, "passed": true}, "25": {"execution_time": 2.301664352416992, "passed": true}, "26": {"execution_time": 1.0176396369934082, "passed": true}, "27": {"execution_time": 1.5975885391235352, "passed": true}, "28": {"execution_time": 2.0588884353637695, "passed": true}, "29": {"execution_time": 0.2550480365753174, "passed": true}}}, "check_style_score": "0/1"}