{"version": "1", "message": "ERROR: Hidden Testcases server unreachable.", "problem_id": "ads2_m16_a1_1", "user_id": "bhaskaravsravya", "score": {"sample": {"0": {"execution_time": 0.5318150520324707, "passed": true}, "1": {"execution_time": 0.48088812828063965, "passed": true}, "2": {"execution_time": 1.3482036590576172, "passed": true}, "3": {"execution_time": 1.9135892391204834, "passed": true}, "4": {"execution_time": 1.7337141036987305, "passed": true}, "5": {"execution_time": 1.8657810688018799, "passed": true}, "6": {"execution_time": 1.0247206687927246, "passed": true}, "7": {"execution_time": 1.3051786422729492, "passed": true}, "8": {"execution_time": 0.8025505542755127, "passed": true}, "9": {"execution_time": 1.0992791652679443, "passed": true}, "10": {"execution_time": 1.2810344696044922, "passed": true}, "11": {"execution_time": 3.3881375789642334, "passed": true}, "12": {"execution_time": 1.4698522090911865, "passed": true}, "13": {"execution_time": 0.7125413417816162, "passed": true}, "14": {"execution_time": 1.288412094116211, "passed": true}, "15": {"execution_time": 1.4514238834381104, "passed": true}, "16": {"execution_time": 1.115553855895996, "passed": true}, "17": {"execution_time": 0.7043523788452148, "passed": true}, "18": {"execution_time": 0.6615872383117676, "passed": true}, "19": {"execution_time": 1.046241283416748, "passed": true}, "20": {"execution_time": 0.8597233295440674, "passed": true}, "21": {"execution_time": 0.7163119316101074, "passed": true}, "22": {"execution_time": 0.7154340744018555, "passed": true}, "23": {"execution_time": 0.722135066986084, "passed": true}, "24": {"execution_time": 0.8926472663879395, "passed": true}, "25": {"execution_time": 3.090360164642334, "passed": true}, "26": {"execution_time": 2.301903009414673, "passed": true}, "27": {"execution_time": 2.4582934379577637, "passed": true}, "28": {"execution_time": 2.1687145233154297, "passed": true}, "29": {"execution_time": 1.5408704280853271, "passed": true}}}, "check_style_score": "0/1"}