{"version": "1", "message": "ERROR: Hidden Testcases server unreachable.", "problem_id": "ads2_m16_a1_1", "user_id": "bhaskaravsravya", "score": {"sample": {"0": {"execution_time": 0.6519191265106201, "passed": true}, "1": {"execution_time": 1.0091931819915771, "passed": true}, "2": {"execution_time": 1.18259859085083, "passed": true}, "3": {"execution_time": 2.0306568145751953, "passed": true}, "4": {"execution_time": 1.393902063369751, "passed": true}, "5": {"execution_time": 1.5074052810668945, "passed": true}, "6": {"execution_time": 1.34712815284729, "passed": true}, "7": {"execution_time": 1.3689701557159424, "passed": true}, "8": {"execution_time": 0.5975427627563477, "passed": true}, "9": {"execution_time": 1.841108798980713, "passed": true}, "10": {"execution_time": 1.356424331665039, "passed": true}, "11": {"execution_time": 4.133245468139648, "passed": true}, "12": {"execution_time": 1.048478126525879, "passed": true}, "13": {"execution_time": 0.5629746913909912, "passed": true}, "14": {"execution_time": 1.0768213272094727, "passed": true}, "15": {"execution_time": 1.4579167366027832, "passed": true}, "16": {"execution_time": 0.5852441787719727, "passed": true}, "17": {"execution_time": 0.5905380249023438, "passed": true}, "18": {"execution_time": 0.8026394844055176, "passed": true}, "19": {"execution_time": 0.8923306465148926, "passed": true}, "20": {"execution_time": 0.7872583866119385, "passed": true}, "21": {"execution_time": 0.6418557167053223, "passed": true}, "22": {"execution_time": 0.7120034694671631, "passed": true}, "23": {"execution_time": 0.750389814376831, "passed": true}, "24": {"execution_time": 0.6083812713623047, "passed": true}, "25": {"execution_time": 2.3156700134277344, "passed": true}, "26": {"execution_time": 1.1132938861846924, "passed": true}, "27": {"execution_time": 1.367018461227417, "passed": true}, "28": {"execution_time": 2.3683035373687744, "passed": true}, "29": {"execution_time": 0.675743579864502, "passed": true}}}, "check_style_score": "0/1"}