{"version": "1", "message": "ERROR: Hidden Testcases server unreachable.", "problem_id": "ads2_m16_a1_1", "user_id": "bhaskaravsravya", "score": {"sample": {"0": {"execution_time": 0.631446123123169, "passed": true}, "1": {"execution_time": 0.6812622547149658, "passed": true}, "2": {"execution_time": 1.5988366603851318, "passed": true}, "3": {"execution_time": 1.7979867458343506, "passed": true}, "4": {"execution_time": 2.178765058517456, "passed": true}, "5": {"execution_time": 1.8920154571533203, "passed": true}, "6": {"execution_time": 1.829345703125, "passed": true}, "7": {"execution_time": 2.9748237133026123, "passed": true}, "8": {"execution_time": 0.6931660175323486, "passed": true}, "9": {"execution_time": 1.35648512840271, "passed": true}, "10": {"execution_time": 1.860180377960205, "passed": true}, "11": {"execution_time": 7.418506622314453, "passed": true}, "12": {"execution_time": 1.858083724975586, "passed": true}, "13": {"execution_time": 0.7259013652801514, "passed": true}, "14": {"execution_time": 2.722120761871338, "passed": true}, "15": {"execution_time": 1.9473414421081543, "passed": true}, "16": {"execution_time": 0.7995696067810059, "passed": true}, "17": {"execution_time": 0.779080867767334, "passed": true}, "18": {"execution_time": 1.0729613304138184, "passed": true}, "19": {"execution_time": 0.7761476039886475, "passed": true}, "20": {"execution_time": 1.3045637607574463, "passed": true}, "21": {"execution_time": 0.801630973815918, "passed": true}, "22": {"execution_time": 0.6781802177429199, "passed": true}, "23": {"execution_time": 0.6800122261047363, "passed": true}, "24": {"execution_time": 0.6108660697937012, "passed": true}, "25": {"execution_time": 2.30509090423584, "passed": true}, "26": {"execution_time": 1.7205262184143066, "passed": true}, "27": {"execution_time": 2.0262153148651123, "passed": true}, "28": {"execution_time": 3.548163414001465, "passed": true}, "29": {"execution_time": 0.9191319942474365, "passed": true}}}, "check_style_score": "0/1"}