{"version": "1", "message": "ERROR: Hidden Testcases server unreachable.", "problem_id": "ads2_m16_a1_1", "user_id": "bhaskaravsravya", "score": {"sample": {"0": {"execution_time": 1.7530899047851562, "passed": true}, "1": {"execution_time": 1.8106887340545654, "passed": true}, "2": {"execution_time": 2.5163662433624268, "passed": true}, "3": {"execution_time": 2.73275089263916, "passed": true}, "4": {"execution_time": 2.615186929702759, "passed": true}, "5": {"execution_time": 3.125345468521118, "passed": true}, "6": {"execution_time": 2.7906394004821777, "passed": true}, "7": {"execution_time": 2.6270501613616943, "passed": true}, "8": {"execution_time": 1.9267523288726807, "passed": true}, "9": {"execution_time": 1.3425214290618896, "passed": true}, "10": {"execution_time": 1.4378662109375, "passed": true}, "11": {"execution_time": 10.030839920043945, "passed": false}, "12": {"execution_time": 3.1863784790039062, "passed": true}, "13": {"execution_time": 1.7260582447052002, "passed": true}, "14": {"execution_time": 1.299499273300171, "passed": true}, "15": {"execution_time": 10.158734560012817, "passed": false}, "16": {"execution_time": 1.7352774143218994, "passed": true}, "17": {"execution_time": 1.900212049484253, "passed": true}, "18": {"execution_time": 1.8302412033081055, "passed": true}, "19": {"execution_time": 10.057273149490356, "passed": false}, "20": {"execution_time": 10.042035818099976, "passed": false}, "21": {"execution_time": 0.654102087020874, "passed": true}, "22": {"execution_time": 0.5222182273864746, "passed": true}, "23": {"execution_time": 10.041933059692383, "passed": false}, "24": {"execution_time": 1.6815159320831299, "passed": true}, "25": {"execution_time": 10.169429540634155, "passed": false}, "26": {"execution_time": 10.13680624961853, "passed": false}, "27": {"execution_time": 10.143478393554688, "passed": false}, "28": {"execution_time": 10.228815078735352, "passed": false}, "29": {"execution_time": 0.46325254440307617, "passed": true}}}, "check_style_score": "0/1"}