{"version": "1", "message": "ERROR: Hidden Testcases server unreachable.", "problem_id": "ads2_m16_a1_1", "user_id": "bhaskaravsravya", "score": {"sample": {"0": {"execution_time": 0.35825181007385254, "passed": true}, "1": {"execution_time": 0.26400136947631836, "passed": true}, "2": {"execution_time": 0.9294345378875732, "passed": true}, "3": {"execution_time": 1.0209698677062988, "passed": true}, "4": {"execution_time": 0.9439709186553955, "passed": true}, "5": {"execution_time": 1.3401799201965332, "passed": true}, "6": {"execution_time": 0.9692163467407227, "passed": true}, "7": {"execution_time": 1.037308931350708, "passed": true}, "8": {"execution_time": 0.3941936492919922, "passed": true}, "9": {"execution_time": 0.9757635593414307, "passed": true}, "10": {"execution_time": 0.9505906105041504, "passed": true}, "11": {"execution_time": 2.9520962238311768, "passed": true}, "12": {"execution_time": 0.9225339889526367, "passed": true}, "13": {"execution_time": 0.2843151092529297, "passed": true}, "14": {"execution_time": 0.9681951999664307, "passed": true}, "15": {"execution_time": 0.9114964008331299, "passed": true}, "16": {"execution_time": 0.3928344249725342, "passed": true}, "17": {"execution_time": 0.39472460746765137, "passed": true}, "18": {"execution_time": 0.6811389923095703, "passed": true}, "19": {"execution_time": 0.3229079246520996, "passed": true}, "20": {"execution_time": 0.46235108375549316, "passed": true}, "21": {"execution_time": 0.3914482593536377, "passed": true}, "22": {"execution_time": 0.3328230381011963, "passed": true}, "23": {"execution_time": 0.6769371032714844, "passed": true}, "24": {"execution_time": 0.27472543716430664, "passed": true}, "25": {"execution_time": 1.0309996604919434, "passed": true}, "26": {"execution_time": 0.8198952674865723, "passed": true}, "27": {"execution_time": 1.327028512954712, "passed": true}, "28": {"execution_time": 1.6539158821105957, "passed": true}, "29": {"execution_time": 0.2776467800140381, "passed": true}}}, "check_style_score": "0/1"}