{"version": "1", "message": "ERROR: Hidden Testcases server unreachable.", "problem_id": "ads2_m16_a1_1", "user_id": "bhaskaravsravya", "score": {"sample": {"0": {"execution_time": 0.35161662101745605, "passed": true}, "1": {"execution_time": 0.29388880729675293, "passed": true}, "2": {"execution_time": 0.9253566265106201, "passed": true}, "3": {"execution_time": 0.9284541606903076, "passed": true}, "4": {"execution_time": 0.981419563293457, "passed": true}, "5": {"execution_time": 1.1094934940338135, "passed": true}, "6": {"execution_time": 0.9678854942321777, "passed": true}, "7": {"execution_time": 1.0158214569091797, "passed": true}, "8": {"execution_time": 0.3844137191772461, "passed": true}, "9": {"execution_time": 0.9484705924987793, "passed": true}, "10": {"execution_time": 0.9807312488555908, "passed": true}, "11": {"execution_time": 3.0350265502929688, "passed": true}, "12": {"execution_time": 0.9725289344787598, "passed": true}, "13": {"execution_time": 0.24085164070129395, "passed": true}, "14": {"execution_time": 0.9781231880187988, "passed": true}, "15": {"execution_time": 0.9988141059875488, "passed": true}, "16": {"execution_time": 0.3737361431121826, "passed": true}, "17": {"execution_time": 0.3783869743347168, "passed": true}, "18": {"execution_time": 0.36167240142822266, "passed": true}, "19": {"execution_time": 0.40476155281066895, "passed": true}, "20": {"execution_time": 0.5132038593292236, "passed": true}, "21": {"execution_time": 0.3448617458343506, "passed": true}, "22": {"execution_time": 0.36294126510620117, "passed": true}, "23": {"execution_time": 0.32886433601379395, "passed": true}, "24": {"execution_time": 1.1728343963623047, "passed": true}, "25": {"execution_time": 2.131178379058838, "passed": true}, "26": {"execution_time": 0.830725908279419, "passed": true}, "27": {"execution_time": 0.9467482566833496, "passed": true}, "28": {"execution_time": 1.624891996383667, "passed": true}, "29": {"execution_time": 0.6224982738494873, "passed": true}}}, "check_style_score": "0/1"}