{"version": "1", "message": "ERROR: Hidden Testcases server unreachable.", "problem_id": "ads2_m16_a1_1", "user_id": "bhaskaravsravya", "score": {"sample": {"0": {"execution_time": 0.31739211082458496, "passed": true}, "1": {"execution_time": 0.6551041603088379, "passed": true}, "2": {"execution_time": 0.8904616832733154, "passed": true}, "3": {"execution_time": 0.8669021129608154, "passed": true}, "4": {"execution_time": 0.8985342979431152, "passed": true}, "5": {"execution_time": 0.9931166172027588, "passed": true}, "6": {"execution_time": 0.9833946228027344, "passed": true}, "7": {"execution_time": 0.9181289672851562, "passed": true}, "8": {"execution_time": 0.4220263957977295, "passed": true}, "9": {"execution_time": 1.0074384212493896, "passed": true}, "10": {"execution_time": 0.9997496604919434, "passed": true}, "11": {"execution_time": 3.960583209991455, "passed": true}, "12": {"execution_time": 2.335301399230957, "passed": true}, "13": {"execution_time": 0.2777585983276367, "passed": true}, "14": {"execution_time": 0.8909876346588135, "passed": true}, "15": {"execution_time": 0.9101505279541016, "passed": true}, "16": {"execution_time": 0.3646986484527588, "passed": true}, "17": {"execution_time": 0.38367223739624023, "passed": true}, "18": {"execution_time": 0.39493632316589355, "passed": true}, "19": {"execution_time": 0.3604099750518799, "passed": true}, "20": {"execution_time": 0.7201197147369385, "passed": true}, "21": {"execution_time": 0.38816261291503906, "passed": true}, "22": {"execution_time": 0.35276222229003906, "passed": true}, "23": {"execution_time": 0.3849678039550781, "passed": true}, "24": {"execution_time": 0.2787137031555176, "passed": true}, "25": {"execution_time": 1.0333032608032227, "passed": true}, "26": {"execution_time": 1.2148191928863525, "passed": true}, "27": {"execution_time": 1.016782283782959, "passed": true}, "28": {"execution_time": 2.5427873134613037, "passed": true}, "29": {"execution_time": 0.3138740062713623, "passed": true}}}, "check_style_score": "0/1"}