{"version": "1", "message": "ERROR: Hidden Testcases server unreachable.", "problem_id": "ads2_m4_a1_1", "user_id": "bhaskaravsravya", "score": {"sample": {"0": {"execution_time": 0.20156025886535645, "passed": true}, "1": {"execution_time": 0.22663331031799316, "passed": true}, "2": {"execution_time": 0.22729778289794922, "passed": true}, "3": {"execution_time": 0.25817370414733887, "passed": true}, "4": {"execution_time": 0.2125988006591797, "passed": true}, "5": {"execution_time": 0.21265649795532227, "passed": true}, "6": {"execution_time": 0.2273883819580078, "passed": true}, "7": {"execution_time": 0.2505667209625244, "passed": true}, "8": {"execution_time": 0.24473261833190918, "passed": true}, "9": {"execution_time": 0.21369147300720215, "passed": true}, "10": {"execution_time": 0.19448351860046387, "passed": true}, "11": {"execution_time": 0.19172120094299316, "passed": true}, "12": {"execution_time": 0.21509885787963867, "passed": true}, "13": {"execution_time": 0.8731358051300049, "passed": true}, "14": {"execution_time": 0.2121105194091797, "passed": true}}}, "check_style_score": "0/1"}