{"version": "1", "message": "ERROR: Hidden Testcases server unreachable.", "problem_id": "ads2_m4_a1_1", "user_id": "bhaskaravsravya", "score": {"sample": {"0": {"execution_time": 0.41889333724975586, "passed": true}, "1": {"execution_time": 0.423281192779541, "passed": true}, "2": {"execution_time": 0.610283613204956, "passed": true}, "3": {"execution_time": 0.5115189552307129, "passed": true}, "4": {"execution_time": 0.4576141834259033, "passed": true}, "5": {"execution_time": 0.5683355331420898, "passed": true}, "6": {"execution_time": 0.5023889541625977, "passed": true}, "7": {"execution_time": 0.4604525566101074, "passed": true}, "8": {"execution_time": 0.37627744674682617, "passed": true}, "9": {"execution_time": 0.35523056983947754, "passed": true}, "10": {"execution_time": 0.3451247215270996, "passed": true}, "11": {"execution_time": 0.4501218795776367, "passed": true}, "12": {"execution_time": 0.34897947311401367, "passed": true}, "13": {"execution_time": 1.019437551498413, "passed": true}, "14": {"execution_time": 0.38982677459716797, "passed": true}}}, "check_style_score": "0/1"}