{"version": "1", "message": "ERROR: Hidden Testcases server unreachable.", "problem_id": "ads2_m4_a1_1", "user_id": "bhaskaravsravya", "score": {"sample": {"0": {"execution_time": 0.5401878356933594, "passed": false}, "1": {"execution_time": 0.25840187072753906, "passed": false}, "2": {"execution_time": 0.5273838043212891, "passed": false}, "3": {"execution_time": 0.5948002338409424, "passed": false}, "4": {"execution_time": 0.4506654739379883, "passed": false}, "5": {"execution_time": 0.32555389404296875, "passed": false}, "6": {"execution_time": 0.4494132995605469, "passed": false}, "7": {"execution_time": 0.4849388599395752, "passed": false}, "8": {"execution_time": 0.5262064933776855, "passed": false}, "9": {"execution_time": 0.31000494956970215, "passed": true}, "10": {"execution_time": 0.5045194625854492, "passed": true}, "11": {"execution_time": 0.4197707176208496, "passed": true}, "12": {"execution_time": 0.4757983684539795, "passed": true}, "13": {"execution_time": 0.989008903503418, "passed": false}, "14": {"execution_time": 0.31044507026672363, "passed": true}}}, "check_style_score": "0/1"}