{"version": "1", "message": "ERROR: Hidden Testcases server unreachable.", "problem_id": "ads2_m4_a1_1", "user_id": "bhaskaravsravya", "score": {"sample": {"0": {"execution_time": 0.21448159217834473, "passed": true}, "1": {"execution_time": 0.24280095100402832, "passed": true}, "2": {"execution_time": 0.25833797454833984, "passed": true}, "3": {"execution_time": 0.24652528762817383, "passed": true}, "4": {"execution_time": 0.22787737846374512, "passed": true}, "5": {"execution_time": 0.20267558097839355, "passed": true}, "6": {"execution_time": 0.19482040405273438, "passed": true}, "7": {"execution_time": 0.2009575366973877, "passed": true}, "8": {"execution_time": 0.22040343284606934, "passed": true}, "9": {"execution_time": 0.18700838088989258, "passed": true}, "10": {"execution_time": 0.17067861557006836, "passed": true}, "11": {"execution_time": 0.20531678199768066, "passed": true}, "12": {"execution_time": 0.19721651077270508, "passed": true}, "13": {"execution_time": 0.8366372585296631, "passed": true}, "14": {"execution_time": 0.2902383804321289, "passed": true}}}, "check_style_score": "1/1"}