{"version": "1", "message": "ERROR: Hidden Testcases server unreachable.", "problem_id": "ads2_m4_a1_1", "user_id": "bhaskaravsravya", "score": {"sample": {"0": {"execution_time": 0.5139615535736084, "passed": true}, "1": {"execution_time": 0.44269275665283203, "passed": true}, "2": {"execution_time": 0.506385087966919, "passed": true}, "3": {"execution_time": 1.4146068096160889, "passed": true}, "4": {"execution_time": 0.286618709564209, "passed": true}, "5": {"execution_time": 0.7378644943237305, "passed": true}, "6": {"execution_time": 0.3288271427154541, "passed": true}, "7": {"execution_time": 0.630427360534668, "passed": true}, "8": {"execution_time": 0.5013298988342285, "passed": true}, "9": {"execution_time": 0.350999116897583, "passed": true}, "10": {"execution_time": 0.4244809150695801, "passed": true}, "11": {"execution_time": 0.4025113582611084, "passed": true}, "12": {"execution_time": 0.4409139156341553, "passed": true}, "13": {"execution_time": 1.9558286666870117, "passed": true}, "14": {"execution_time": 0.5116186141967773, "passed": true}}}, "check_style_score": "0/1"}