{"version": "1", "message": "ERROR: Hidden Testcases server unreachable.", "problem_id": "ads2_m4_a1_1", "user_id": "bhaskaravsravya", "score": {"sample": {"0": {"execution_time": 0.8437306880950928, "passed": true}, "1": {"execution_time": 0.6923744678497314, "passed": true}, "2": {"execution_time": 0.5973424911499023, "passed": true}, "3": {"execution_time": 0.5274324417114258, "passed": true}, "4": {"execution_time": 0.5018842220306396, "passed": true}, "5": {"execution_time": 0.40056538581848145, "passed": true}, "6": {"execution_time": 0.47863268852233887, "passed": true}, "7": {"execution_time": 0.39069342613220215, "passed": true}, "8": {"execution_time": 0.4506857395172119, "passed": true}, "9": {"execution_time": 0.36753273010253906, "passed": true}, "10": {"execution_time": 0.39440250396728516, "passed": true}, "11": {"execution_time": 0.3737459182739258, "passed": true}, "12": {"execution_time": 0.3910329341888428, "passed": true}, "13": {"execution_time": 1.8931703567504883, "passed": true}, "14": {"execution_time": 0.5205717086791992, "passed": true}}}, "check_style_score": "0/1"}