{"version": "1", "message": "ERROR: Hidden Testcases server unreachable.", "problem_id": "ads2_m4_a1_1", "user_id": "bhaskaravsravya", "score": {"sample": {"0": {"execution_time": 0.6674561500549316, "passed": true}, "1": {"execution_time": 0.5331172943115234, "passed": true}, "2": {"execution_time": 0.5452361106872559, "passed": true}, "3": {"execution_time": 0.32433342933654785, "passed": true}, "4": {"execution_time": 0.48480772972106934, "passed": true}, "5": {"execution_time": 0.529787540435791, "passed": true}, "6": {"execution_time": 0.38606715202331543, "passed": true}, "7": {"execution_time": 0.37830400466918945, "passed": true}, "8": {"execution_time": 0.5705435276031494, "passed": true}, "9": {"execution_time": 0.464968204498291, "passed": true}, "10": {"execution_time": 0.49572253227233887, "passed": true}, "11": {"execution_time": 0.3884730339050293, "passed": true}, "12": {"execution_time": 0.45024657249450684, "passed": true}, "13": {"execution_time": 1.1128993034362793, "passed": true}, "14": {"execution_time": 0.4098021984100342, "passed": true}}}, "check_style_score": "0/1"}