{"version": "1", "message": "ERROR: Hidden Testcases server unreachable.", "problem_id": "ads2_m4_a1_1", "user_id": "bhaskaravsravya", "score": {"sample": {"0": {"execution_time": 0.5091784000396729, "passed": true}, "1": {"execution_time": 0.4671056270599365, "passed": true}, "2": {"execution_time": 0.3437619209289551, "passed": true}, "3": {"execution_time": 0.49262571334838867, "passed": true}, "4": {"execution_time": 0.6740918159484863, "passed": true}, "5": {"execution_time": 0.4323434829711914, "passed": true}, "6": {"execution_time": 0.5657408237457275, "passed": true}, "7": {"execution_time": 0.4783027172088623, "passed": true}, "8": {"execution_time": 0.5180525779724121, "passed": true}, "9": {"execution_time": 0.4462106227874756, "passed": true}, "10": {"execution_time": 0.47067975997924805, "passed": true}, "11": {"execution_time": 0.41875672340393066, "passed": true}, "12": {"execution_time": 0.47189855575561523, "passed": true}, "13": {"execution_time": 1.0915765762329102, "passed": true}, "14": {"execution_time": 0.4578385353088379, "passed": true}}}, "check_style_score": "0/1"}