{"version": "1", "message": "ERROR: Hidden Testcases server unreachable.", "problem_id": "ads2_m4_a1_1", "user_id": "bhaskaravsravya", "score": {"sample": {"0": {"execution_time": 0.20544672012329102, "passed": true}, "1": {"execution_time": 0.26144862174987793, "passed": true}, "2": {"execution_time": 0.22407317161560059, "passed": true}, "3": {"execution_time": 0.3399949073791504, "passed": true}, "4": {"execution_time": 0.24199557304382324, "passed": true}, "5": {"execution_time": 0.235992431640625, "passed": true}, "6": {"execution_time": 0.27832770347595215, "passed": true}, "7": {"execution_time": 0.23883557319641113, "passed": true}, "8": {"execution_time": 0.3218982219696045, "passed": true}, "9": {"execution_time": 0.19239163398742676, "passed": true}, "10": {"execution_time": 0.20388197898864746, "passed": true}, "11": {"execution_time": 0.1959378719329834, "passed": true}, "12": {"execution_time": 0.19679474830627441, "passed": true}, "13": {"execution_time": 0.7923369407653809, "passed": true}, "14": {"execution_time": 0.2254040241241455, "passed": true}}}, "check_style_score": "0/1"}