{"version": "1", "message": "ERROR: Hidden Testcases server unreachable.", "problem_id": "ads2_m4_a1_1", "user_id": "bhaskaravsravya", "score": {"sample": {"0": {"execution_time": 0.2227001190185547, "passed": true}, "1": {"execution_time": 0.20601749420166016, "passed": false}, "2": {"execution_time": 0.25800299644470215, "passed": false}, "3": {"execution_time": 0.24180364608764648, "passed": false}, "4": {"execution_time": 0.1963789463043213, "passed": false}, "5": {"execution_time": 0.1623857021331787, "passed": false}, "6": {"execution_time": 0.15259194374084473, "passed": false}, "7": {"execution_time": 0.19638895988464355, "passed": false}, "8": {"execution_time": 0.21700072288513184, "passed": false}, "9": {"execution_time": 0.2091522216796875, "passed": false}, "10": {"execution_time": 0.21445846557617188, "passed": false}, "11": {"execution_time": 0.18883275985717773, "passed": true}, "12": {"execution_time": 0.18171429634094238, "passed": true}, "13": {"execution_time": 0.6344540119171143, "passed": false}, "14": {"execution_time": 0.24138855934143066, "passed": false}}}, "check_style_score": "0/1"}