{"version": "1", "message": "ERROR: Hidden Testcases server unreachable.", "problem_id": "ads2_m4_a1_1", "user_id": "bhaskaravsravya", "score": {"sample": {"0": {"execution_time": 0.20428228378295898, "passed": true}, "1": {"execution_time": 0.21280694007873535, "passed": true}, "2": {"execution_time": 0.25964784622192383, "passed": true}, "3": {"execution_time": 0.24595046043395996, "passed": true}, "4": {"execution_time": 0.19733119010925293, "passed": true}, "5": {"execution_time": 0.21299195289611816, "passed": true}, "6": {"execution_time": 0.21251845359802246, "passed": true}, "7": {"execution_time": 0.2576584815979004, "passed": true}, "8": {"execution_time": 0.2365555763244629, "passed": true}, "9": {"execution_time": 0.1827847957611084, "passed": true}, "10": {"execution_time": 0.21317529678344727, "passed": true}, "11": {"execution_time": 0.18126678466796875, "passed": true}, "12": {"execution_time": 0.21290874481201172, "passed": true}, "13": {"execution_time": 0.8203363418579102, "passed": true}, "14": {"execution_time": 0.22315716743469238, "passed": true}}}, "check_style_score": "0/1"}