{"version": "1", "message": "ERROR: Hidden Testcases server unreachable.", "problem_id": "ads2_m4_a1_1", "user_id": "bhaskaravsravya", "score": {"sample": {"0": {"execution_time": 0.41439056396484375, "passed": true}, "1": {"execution_time": 0.547327995300293, "passed": true}, "2": {"execution_time": 0.46671175956726074, "passed": true}, "3": {"execution_time": 0.558617353439331, "passed": true}, "4": {"execution_time": 0.4418914318084717, "passed": true}, "5": {"execution_time": 0.43451762199401855, "passed": true}, "6": {"execution_time": 0.45418763160705566, "passed": true}, "7": {"execution_time": 0.3908076286315918, "passed": true}, "8": {"execution_time": 0.5122661590576172, "passed": true}, "9": {"execution_time": 0.3980133533477783, "passed": true}, "10": {"execution_time": 0.29436755180358887, "passed": true}, "11": {"execution_time": 0.3477671146392822, "passed": true}, "12": {"execution_time": 0.4008314609527588, "passed": true}, "13": {"execution_time": 1.7841079235076904, "passed": true}, "14": {"execution_time": 0.2115774154663086, "passed": true}}}, "check_style_score": "0/1"}