{"version": "1", "message": "ERROR: Hidden Testcases server unreachable.", "problem_id": "ads2_m4_a1_1", "user_id": "bhaskaravsravya", "score": {"sample": {"0": {"execution_time": 0.17314839363098145, "passed": false}, "1": {"execution_time": 0.2229914665222168, "passed": true}, "2": {"execution_time": 0.2432394027709961, "passed": true}, "3": {"execution_time": 0.2660202980041504, "passed": true}, "4": {"execution_time": 0.262392520904541, "passed": true}, "5": {"execution_time": 0.29135990142822266, "passed": true}, "6": {"execution_time": 0.19856786727905273, "passed": true}, "7": {"execution_time": 0.19639158248901367, "passed": true}, "8": {"execution_time": 0.19548678398132324, "passed": false}, "9": {"execution_time": 0.21061921119689941, "passed": true}, "10": {"execution_time": 0.19796395301818848, "passed": true}, "11": {"execution_time": 0.21172714233398438, "passed": true}, "12": {"execution_time": 0.24522829055786133, "passed": true}, "13": {"execution_time": 0.8722169399261475, "passed": true}, "14": {"execution_time": 0.19167447090148926, "passed": true}}}, "check_style_score": "0/1"}