{"version": "1", "message": "ERROR: Hidden Testcases server unreachable.", "problem_id": "ads2_m4_a1_1", "user_id": "bhaskaravsravya", "score": {"sample": {"0": {"execution_time": 0.5245697498321533, "passed": true}, "1": {"execution_time": 0.4394721984863281, "passed": false}, "2": {"execution_time": 0.5103363990783691, "passed": false}, "3": {"execution_time": 0.5130863189697266, "passed": false}, "4": {"execution_time": 0.50058913230896, "passed": false}, "5": {"execution_time": 0.4670417308807373, "passed": false}, "6": {"execution_time": 0.43385863304138184, "passed": false}, "7": {"execution_time": 0.4481387138366699, "passed": false}, "8": {"execution_time": 0.5818140506744385, "passed": true}, "9": {"execution_time": 0.5044345855712891, "passed": true}, "10": {"execution_time": 0.3447248935699463, "passed": true}, "11": {"execution_time": 0.33388400077819824, "passed": true}, "12": {"execution_time": 0.44820642471313477, "passed": true}, "13": {"execution_time": 1.0319280624389648, "passed": false}, "14": {"execution_time": 0.48573923110961914, "passed": true}}}, "check_style_score": "0/1"}