{"version": "1", "message": "ERROR: Hidden Testcases server unreachable.", "problem_id": "ads2_m4_a1_1", "user_id": "bhaskaravsravya", "score": {"sample": {"0": {"execution_time": 0.5460565090179443, "passed": true}, "1": {"execution_time": 0.3298053741455078, "passed": false}, "2": {"execution_time": 0.4006168842315674, "passed": false}, "3": {"execution_time": 0.39667439460754395, "passed": false}, "4": {"execution_time": 0.5336809158325195, "passed": false}, "5": {"execution_time": 0.4816405773162842, "passed": false}, "6": {"execution_time": 0.4607977867126465, "passed": false}, "7": {"execution_time": 0.39777326583862305, "passed": false}, "8": {"execution_time": 0.5704319477081299, "passed": false}, "9": {"execution_time": 0.3962852954864502, "passed": false}, "10": {"execution_time": 0.5118157863616943, "passed": false}, "11": {"execution_time": 0.4043140411376953, "passed": true}, "12": {"execution_time": 0.4341464042663574, "passed": true}, "13": {"execution_time": 0.9033715724945068, "passed": false}, "14": {"execution_time": 0.419048547744751, "passed": false}}}, "check_style_score": "0/1"}