{"version": "1", "message": "ERROR: Hidden Testcases server unreachable.", "problem_id": "ads2_m4_a1_1", "user_id": "bhaskaravsravya", "score": {"sample": {"0": {"execution_time": 0.22699975967407227, "passed": true}, "1": {"execution_time": 0.2055189609527588, "passed": true}, "2": {"execution_time": 0.6940028667449951, "passed": true}, "3": {"execution_time": 0.30254292488098145, "passed": true}, "4": {"execution_time": 0.21954631805419922, "passed": true}, "5": {"execution_time": 0.22181463241577148, "passed": true}, "6": {"execution_time": 0.2136833667755127, "passed": true}, "7": {"execution_time": 0.1848740577697754, "passed": true}, "8": {"execution_time": 0.20160531997680664, "passed": true}, "9": {"execution_time": 0.19672107696533203, "passed": true}, "10": {"execution_time": 0.27555251121520996, "passed": true}, "11": {"execution_time": 0.2010209560394287, "passed": true}, "12": {"execution_time": 0.21589398384094238, "passed": true}, "13": {"execution_time": 0.7962336540222168, "passed": true}, "14": {"execution_time": 0.20236587524414062, "passed": true}}}, "check_style_score": "0/1"}