{"version": "1", "message": "ERROR: Hidden Testcases server unreachable.", "problem_id": "ads2_m4_a1_1", "user_id": "bhaskaravsravya", "score": {"sample": {"0": {"execution_time": 0.4239804744720459, "passed": true}, "1": {"execution_time": 0.3725605010986328, "passed": true}, "2": {"execution_time": 0.4868202209472656, "passed": true}, "3": {"execution_time": 0.5387592315673828, "passed": true}, "4": {"execution_time": 0.5591590404510498, "passed": true}, "5": {"execution_time": 0.4569852352142334, "passed": true}, "6": {"execution_time": 0.3192169666290283, "passed": true}, "7": {"execution_time": 0.40256524085998535, "passed": true}, "8": {"execution_time": 0.5224032402038574, "passed": true}, "9": {"execution_time": 0.40154480934143066, "passed": true}, "10": {"execution_time": 0.3843262195587158, "passed": true}, "11": {"execution_time": 0.4711909294128418, "passed": true}, "12": {"execution_time": 0.4231681823730469, "passed": true}, "13": {"execution_time": 1.7967760562896729, "passed": true}, "14": {"execution_time": 0.40636324882507324, "passed": true}}}, "check_style_score": "0/1"}