{"version": "1", "message": "ERROR: Hidden Testcases server unreachable.", "problem_id": "ads2_m4_a1_1", "user_id": "bhaskaravsravya", "score": {"sample": {"0": {"execution_time": 1.2033257484436035, "passed": false}, "1": {"execution_time": 0.46511411666870117, "passed": false}, "2": {"execution_time": 0.6629865169525146, "passed": false}, "3": {"execution_time": 0.5475306510925293, "passed": false}, "4": {"execution_time": 0.4350166320800781, "passed": false}, "5": {"execution_time": 0.3913848400115967, "passed": false}, "6": {"execution_time": 0.44721221923828125, "passed": false}, "7": {"execution_time": 0.4725534915924072, "passed": false}, "8": {"execution_time": 0.45620226860046387, "passed": false}, "9": {"execution_time": 0.3851757049560547, "passed": true}, "10": {"execution_time": 0.3746347427368164, "passed": true}, "11": {"execution_time": 0.3806469440460205, "passed": true}, "12": {"execution_time": 0.4144480228424072, "passed": true}, "13": {"execution_time": 1.0567309856414795, "passed": false}, "14": {"execution_time": 0.46332573890686035, "passed": true}}}, "check_style_score": "0/1"}