{"version": "1", "message": "ERROR: Hidden Testcases server unreachable.", "problem_id": "ads2_m4_a1_1", "user_id": "bhaskaravsravya", "score": {"sample": {"0": {"execution_time": 0.2888672351837158, "passed": true}, "1": {"execution_time": 0.18268704414367676, "passed": true}, "2": {"execution_time": 0.23498964309692383, "passed": true}, "3": {"execution_time": 0.28627896308898926, "passed": true}, "4": {"execution_time": 0.27192258834838867, "passed": true}, "5": {"execution_time": 0.2073361873626709, "passed": true}, "6": {"execution_time": 0.19511938095092773, "passed": true}, "7": {"execution_time": 0.2122187614440918, "passed": true}, "8": {"execution_time": 0.2448289394378662, "passed": true}, "9": {"execution_time": 0.17599797248840332, "passed": true}, "10": {"execution_time": 0.1958620548248291, "passed": true}, "11": {"execution_time": 0.19631147384643555, "passed": true}, "12": {"execution_time": 0.19608402252197266, "passed": true}, "13": {"execution_time": 0.8245501518249512, "passed": true}, "14": {"execution_time": 0.19905376434326172, "passed": true}}}, "check_style_score": "0/1"}