{"version": "1", "message": "ERROR: Hidden Testcases server unreachable.", "problem_id": "ads2_m4_a1_1", "user_id": "bhaskaravsravya", "score": {"sample": {"0": {"execution_time": 0.22373294830322266, "passed": true}, "1": {"execution_time": 0.19512534141540527, "passed": true}, "2": {"execution_time": 0.2493572235107422, "passed": true}, "3": {"execution_time": 0.2679104804992676, "passed": true}, "4": {"execution_time": 0.198441743850708, "passed": true}, "5": {"execution_time": 0.2382524013519287, "passed": true}, "6": {"execution_time": 0.18744707107543945, "passed": true}, "7": {"execution_time": 0.2375025749206543, "passed": true}, "8": {"execution_time": 0.26566028594970703, "passed": true}, "9": {"execution_time": 0.15816569328308105, "passed": true}, "10": {"execution_time": 0.18705201148986816, "passed": true}, "11": {"execution_time": 0.16962862014770508, "passed": true}, "12": {"execution_time": 0.19770479202270508, "passed": true}, "13": {"execution_time": 0.8068900108337402, "passed": true}, "14": {"execution_time": 0.22123384475708008, "passed": true}}}, "check_style_score": "0/1"}