{"version": "1", "message": "ERROR: Hidden Testcases server unreachable.", "problem_id": "ads2_m4_a1_1", "user_id": "bhaskaravsravya", "score": {"sample": {"0": {"execution_time": 0.22963738441467285, "passed": true}, "1": {"execution_time": 0.23911547660827637, "passed": false}, "2": {"execution_time": 0.2445051670074463, "passed": false}, "3": {"execution_time": 0.2535874843597412, "passed": false}, "4": {"execution_time": 0.1508777141571045, "passed": false}, "5": {"execution_time": 0.19646310806274414, "passed": false}, "6": {"execution_time": 0.1960608959197998, "passed": false}, "7": {"execution_time": 0.2024228572845459, "passed": false}, "8": {"execution_time": 0.34828805923461914, "passed": false}, "9": {"execution_time": 0.22802281379699707, "passed": false}, "10": {"execution_time": 0.2110137939453125, "passed": false}, "11": {"execution_time": 0.2229752540588379, "passed": false}, "12": {"execution_time": 0.19449114799499512, "passed": false}, "13": {"execution_time": 0.6402394771575928, "passed": false}, "14": {"execution_time": 0.2533426284790039, "passed": false}}}, "check_style_score": "0/1"}