{"version": "1", "message": "ERROR: Hidden Testcases server unreachable.", "problem_id": "ads2_m4_a1_1", "user_id": "bhaskaravsravya", "score": {"sample": {"0": {"execution_time": 0.21634650230407715, "passed": true}, "1": {"execution_time": 0.2666342258453369, "passed": true}, "2": {"execution_time": 0.26370930671691895, "passed": true}, "3": {"execution_time": 0.2538750171661377, "passed": true}, "4": {"execution_time": 0.21084880828857422, "passed": true}, "5": {"execution_time": 0.21138906478881836, "passed": true}, "6": {"execution_time": 0.18844246864318848, "passed": true}, "7": {"execution_time": 0.21802353858947754, "passed": true}, "8": {"execution_time": 0.24016928672790527, "passed": true}, "9": {"execution_time": 0.32751035690307617, "passed": true}, "10": {"execution_time": 0.1959538459777832, "passed": true}, "11": {"execution_time": 0.19646286964416504, "passed": true}, "12": {"execution_time": 0.19666767120361328, "passed": true}, "13": {"execution_time": 0.8272304534912109, "passed": true}, "14": {"execution_time": 0.18708562850952148, "passed": true}}}, "check_style_score": "0/1"}