{"version": "1", "message": "ERROR: Hidden Testcases server unreachable.", "problem_id": "ads2_m4_a1_1", "user_id": "bhaskaravsravya", "score": {"sample": {"0": {"execution_time": 0.5203845500946045, "passed": true}, "1": {"execution_time": 0.39356017112731934, "passed": false}, "2": {"execution_time": 0.5350770950317383, "passed": false}, "3": {"execution_time": 0.5503737926483154, "passed": false}, "4": {"execution_time": 0.3090484142303467, "passed": false}, "5": {"execution_time": 0.32004261016845703, "passed": false}, "6": {"execution_time": 0.28319859504699707, "passed": false}, "7": {"execution_time": 0.3824164867401123, "passed": false}, "8": {"execution_time": 0.5022070407867432, "passed": true}, "9": {"execution_time": 0.3676459789276123, "passed": true}, "10": {"execution_time": 0.3972001075744629, "passed": true}, "11": {"execution_time": 0.28986120223999023, "passed": true}, "12": {"execution_time": 0.2998087406158447, "passed": true}, "13": {"execution_time": 0.9981694221496582, "passed": false}, "14": {"execution_time": 0.5730936527252197, "passed": true}}}, "check_style_score": "0/1"}