{"version": "1", "message": "ERROR: Hidden Testcases server unreachable.", "problem_id": "ads2_m4_a1_1", "user_id": "bhaskaravsravya", "score": {"sample": {"0": {"execution_time": 0.5738861560821533, "passed": true}, "1": {"execution_time": 0.5491952896118164, "passed": false}, "2": {"execution_time": 0.547173261642456, "passed": false}, "3": {"execution_time": 0.5112178325653076, "passed": false}, "4": {"execution_time": 0.5034370422363281, "passed": false}, "5": {"execution_time": 0.4967477321624756, "passed": false}, "6": {"execution_time": 0.4322693347930908, "passed": false}, "7": {"execution_time": 0.538442850112915, "passed": false}, "8": {"execution_time": 0.5380749702453613, "passed": true}, "9": {"execution_time": 0.26009345054626465, "passed": true}, "10": {"execution_time": 0.44937801361083984, "passed": true}, "11": {"execution_time": 0.39266133308410645, "passed": false}, "12": {"execution_time": 0.41411614418029785, "passed": false}, "13": {"execution_time": 1.2511265277862549, "passed": false}, "14": {"execution_time": 0.4257791042327881, "passed": true}}}, "check_style_score": "0/1"}