{"version": "1", "message": "ERROR: Hidden Testcases server unreachable.", "problem_id": "ads2_m4_a1_1", "user_id": "bhaskaravsravya", "score": {"sample": {"0": {"execution_time": 0.31844472885131836, "passed": true}, "1": {"execution_time": 0.537574052810669, "passed": true}, "2": {"execution_time": 0.6029691696166992, "passed": true}, "3": {"execution_time": 0.47341179847717285, "passed": true}, "4": {"execution_time": 0.5196733474731445, "passed": true}, "5": {"execution_time": 0.4920835494995117, "passed": true}, "6": {"execution_time": 0.5465173721313477, "passed": true}, "7": {"execution_time": 0.2809741497039795, "passed": true}, "8": {"execution_time": 0.5867874622344971, "passed": true}, "9": {"execution_time": 0.4441394805908203, "passed": true}, "10": {"execution_time": 0.3824911117553711, "passed": true}, "11": {"execution_time": 0.44441914558410645, "passed": true}, "12": {"execution_time": 0.3026578426361084, "passed": true}, "13": {"execution_time": 1.0720570087432861, "passed": true}, "14": {"execution_time": 0.322113037109375, "passed": true}}}, "check_style_score": "0/1"}