{"version": "1", "message": "ERROR: Hidden Testcases server unreachable.", "problem_id": "ads2_m4_a1_1", "user_id": "bhaskaravsravya", "score": {"sample": {"0": {"execution_time": 0.565166711807251, "passed": true}, "1": {"execution_time": 0.4473550319671631, "passed": false}, "2": {"execution_time": 0.5144624710083008, "passed": false}, "3": {"execution_time": 0.46655917167663574, "passed": false}, "4": {"execution_time": 0.5177032947540283, "passed": false}, "5": {"execution_time": 0.44213056564331055, "passed": false}, "6": {"execution_time": 0.35299086570739746, "passed": false}, "7": {"execution_time": 0.44588136672973633, "passed": false}, "8": {"execution_time": 0.5864059925079346, "passed": false}, "9": {"execution_time": 0.34723901748657227, "passed": true}, "10": {"execution_time": 0.36026930809020996, "passed": true}, "11": {"execution_time": 0.30177855491638184, "passed": true}, "12": {"execution_time": 0.5327119827270508, "passed": true}, "13": {"execution_time": 0.8912537097930908, "passed": false}, "14": {"execution_time": 0.47128963470458984, "passed": true}}}, "check_style_score": "0/1"}