{"version": "1", "message": "ERROR: Hidden Testcases server unreachable.", "problem_id": "ads2_m4_a1_1", "user_id": "bhaskaravsravya", "score": {"sample": {"0": {"execution_time": 0.4646003246307373, "passed": true}, "1": {"execution_time": 0.51029372215271, "passed": true}, "2": {"execution_time": 0.4385080337524414, "passed": true}, "3": {"execution_time": 0.454740047454834, "passed": true}, "4": {"execution_time": 0.5089807510375977, "passed": true}, "5": {"execution_time": 0.477855920791626, "passed": true}, "6": {"execution_time": 0.46687841415405273, "passed": true}, "7": {"execution_time": 0.8368899822235107, "passed": true}, "8": {"execution_time": 0.6238529682159424, "passed": true}, "9": {"execution_time": 0.36676955223083496, "passed": true}, "10": {"execution_time": 0.44111132621765137, "passed": true}, "11": {"execution_time": 0.3662741184234619, "passed": true}, "12": {"execution_time": 0.44577527046203613, "passed": true}, "13": {"execution_time": 0.9643604755401611, "passed": true}, "14": {"execution_time": 0.2948341369628906, "passed": true}}}, "check_style_score": "0/1"}