{"version": "1", "message": "ERROR: Hidden Testcases server unreachable.", "problem_id": "ads2_m4_a1_1", "user_id": "bhaskaravsravya", "score": {"sample": {"0": {"execution_time": 0.5413665771484375, "passed": true}, "1": {"execution_time": 0.2795584201812744, "passed": false}, "2": {"execution_time": 0.5514483451843262, "passed": false}, "3": {"execution_time": 0.5510354042053223, "passed": false}, "4": {"execution_time": 0.427018404006958, "passed": false}, "5": {"execution_time": 0.4734053611755371, "passed": false}, "6": {"execution_time": 0.5894560813903809, "passed": false}, "7": {"execution_time": 0.2687971591949463, "passed": false}, "8": {"execution_time": 0.43976593017578125, "passed": false}, "9": {"execution_time": 0.4235713481903076, "passed": false}, "10": {"execution_time": 0.4424927234649658, "passed": false}, "11": {"execution_time": 0.5492386817932129, "passed": false}, "12": {"execution_time": 0.42649221420288086, "passed": false}, "13": {"execution_time": 0.989220142364502, "passed": false}, "14": {"execution_time": 0.5211482048034668, "passed": false}}}, "check_style_score": "0/1"}