{"version": "1", "message": "ERROR: Hidden Testcases server unreachable.", "problem_id": "ads2_m4_a1_1", "user_id": "bhaskaravsravya", "score": {"sample": {"0": {"execution_time": 0.5148634910583496, "passed": true}, "1": {"execution_time": 0.44095373153686523, "passed": false}, "2": {"execution_time": 0.49617934226989746, "passed": false}, "3": {"execution_time": 0.5509376525878906, "passed": false}, "4": {"execution_time": 0.4281132221221924, "passed": false}, "5": {"execution_time": 0.4864983558654785, "passed": false}, "6": {"execution_time": 0.460662841796875, "passed": false}, "7": {"execution_time": 0.4246559143066406, "passed": false}, "8": {"execution_time": 0.43250584602355957, "passed": true}, "9": {"execution_time": 0.42993640899658203, "passed": true}, "10": {"execution_time": 0.4178023338317871, "passed": true}, "11": {"execution_time": 0.41146111488342285, "passed": true}, "12": {"execution_time": 0.3457002639770508, "passed": true}, "13": {"execution_time": 0.96476149559021, "passed": false}, "14": {"execution_time": 0.26503944396972656, "passed": true}}}, "check_style_score": "0/1"}