{"version": "1", "message": "ERROR: Hidden Testcases server unreachable.", "problem_id": "ads2_m4_a1_1", "user_id": "bhaskaravsravya", "score": {"sample": {"0": {"execution_time": 0.29415369033813477, "passed": true}, "1": {"execution_time": 0.2570919990539551, "passed": true}, "2": {"execution_time": 0.24510598182678223, "passed": true}, "3": {"execution_time": 0.32927727699279785, "passed": true}, "4": {"execution_time": 0.20012688636779785, "passed": true}, "5": {"execution_time": 0.18853163719177246, "passed": true}, "6": {"execution_time": 0.2128434181213379, "passed": true}, "7": {"execution_time": 0.23147225379943848, "passed": true}, "8": {"execution_time": 0.21824288368225098, "passed": true}, "9": {"execution_time": 0.16839814186096191, "passed": true}, "10": {"execution_time": 0.20494532585144043, "passed": true}, "11": {"execution_time": 0.16476225852966309, "passed": true}, "12": {"execution_time": 0.23308944702148438, "passed": true}, "13": {"execution_time": 0.8530182838439941, "passed": true}, "14": {"execution_time": 0.22361397743225098, "passed": true}}}, "check_style_score": "0/1"}