{"version": "1", "message": "ERROR: Hidden Testcases server unreachable.", "problem_id": "ads2_m4_a1_1", "user_id": "bhaskaravsravya", "score": {"sample": {"0": {"execution_time": 0.16842103004455566, "passed": false}, "1": {"execution_time": 0.21966004371643066, "passed": false}, "2": {"execution_time": 0.24762845039367676, "passed": false}, "3": {"execution_time": 0.25257229804992676, "passed": false}, "4": {"execution_time": 0.2059018611907959, "passed": false}, "5": {"execution_time": 0.20749592781066895, "passed": false}, "6": {"execution_time": 0.17049098014831543, "passed": false}, "7": {"execution_time": 0.20351505279541016, "passed": false}, "8": {"execution_time": 0.20049643516540527, "passed": false}, "9": {"execution_time": 0.1742570400238037, "passed": false}, "10": {"execution_time": 0.2059032917022705, "passed": false}, "11": {"execution_time": 0.21053624153137207, "passed": false}, "12": {"execution_time": 0.2216324806213379, "passed": false}, "13": {"execution_time": 0.7064142227172852, "passed": false}, "14": {"execution_time": 0.1886296272277832, "passed": false}}}, "check_style_score": "0/1"}