{"version": "1", "message": "ERROR: Hidden Testcases server unreachable.", "problem_id": "ads2_m4_a1_1", "user_id": "bhaskaravsravya", "score": {"sample": {"0": {"execution_time": 0.2864196300506592, "passed": false}, "1": {"execution_time": 0.24677252769470215, "passed": false}, "2": {"execution_time": 0.24007272720336914, "passed": false}, "3": {"execution_time": 0.3514893054962158, "passed": false}, "4": {"execution_time": 0.1972811222076416, "passed": false}, "5": {"execution_time": 0.20754551887512207, "passed": false}, "6": {"execution_time": 0.2074871063232422, "passed": false}, "7": {"execution_time": 0.1953270435333252, "passed": false}, "8": {"execution_time": 0.18696951866149902, "passed": false}, "9": {"execution_time": 0.20980429649353027, "passed": false}, "10": {"execution_time": 0.21657037734985352, "passed": false}, "11": {"execution_time": 0.21877074241638184, "passed": false}, "12": {"execution_time": 0.15954899787902832, "passed": false}, "13": {"execution_time": 0.7085576057434082, "passed": false}, "14": {"execution_time": 0.19066476821899414, "passed": false}}}, "check_style_score": "0/1"}