{"version": "1", "message": "ERROR: Hidden Testcases server unreachable.", "problem_id": "ads2_m4_a1_1", "user_id": "bhaskaravsravya", "score": {"sample": {"0": {"execution_time": 0.22245383262634277, "passed": true}, "1": {"execution_time": 0.24392986297607422, "passed": true}, "2": {"execution_time": 0.259122371673584, "passed": true}, "3": {"execution_time": 0.2904205322265625, "passed": true}, "4": {"execution_time": 0.2265782356262207, "passed": true}, "5": {"execution_time": 0.22799253463745117, "passed": true}, "6": {"execution_time": 0.23316550254821777, "passed": true}, "7": {"execution_time": 0.24769043922424316, "passed": true}, "8": {"execution_time": 0.22217583656311035, "passed": true}, "9": {"execution_time": 0.19456791877746582, "passed": true}, "10": {"execution_time": 0.24771642684936523, "passed": true}, "11": {"execution_time": 0.1962432861328125, "passed": true}, "12": {"execution_time": 0.20181798934936523, "passed": true}, "13": {"execution_time": 0.8851261138916016, "passed": true}, "14": {"execution_time": 0.4275243282318115, "passed": true}}}, "check_style_score": "1/1"}