{"version": "1", "message": "ERROR: Hidden Testcases server unreachable.", "problem_id": "ads2_m4_a1_1", "user_id": "bhaskaravsravya", "score": {"sample": {"0": {"execution_time": 0.4840734004974365, "passed": true}, "1": {"execution_time": 0.550464391708374, "passed": true}, "2": {"execution_time": 0.5284914970397949, "passed": true}, "3": {"execution_time": 0.6184265613555908, "passed": true}, "4": {"execution_time": 0.45208191871643066, "passed": true}, "5": {"execution_time": 0.43893933296203613, "passed": true}, "6": {"execution_time": 0.511667013168335, "passed": true}, "7": {"execution_time": 0.502826452255249, "passed": true}, "8": {"execution_time": 0.5079054832458496, "passed": true}, "9": {"execution_time": 0.512770414352417, "passed": true}, "10": {"execution_time": 0.3320884704589844, "passed": true}, "11": {"execution_time": 0.4934720993041992, "passed": true}, "12": {"execution_time": 0.3266129493713379, "passed": true}, "13": {"execution_time": 1.045907974243164, "passed": true}, "14": {"execution_time": 0.4911658763885498, "passed": true}}}, "check_style_score": "0/1"}