{"version": "1", "message": "ERROR: Hidden Testcases server unreachable.", "problem_id": "ads2_m4_a1_1", "user_id": "bhaskaravsravya", "score": {"sample": {"0": {"execution_time": 0.36591482162475586, "passed": true}, "1": {"execution_time": 0.41927361488342285, "passed": false}, "2": {"execution_time": 0.478135347366333, "passed": false}, "3": {"execution_time": 0.49750828742980957, "passed": false}, "4": {"execution_time": 0.49523115158081055, "passed": false}, "5": {"execution_time": 0.436246395111084, "passed": false}, "6": {"execution_time": 0.4825601577758789, "passed": false}, "7": {"execution_time": 0.35062265396118164, "passed": false}, "8": {"execution_time": 0.46085453033447266, "passed": false}, "9": {"execution_time": 0.4107537269592285, "passed": false}, "10": {"execution_time": 0.4286060333251953, "passed": false}, "11": {"execution_time": 0.3875541687011719, "passed": true}, "12": {"execution_time": 0.40570616722106934, "passed": true}, "13": {"execution_time": 0.935187578201294, "passed": false}, "14": {"execution_time": 0.4995157718658447, "passed": true}}}, "check_style_score": "0/1"}