{"version": "1", "message": "ERROR: Hidden Testcases server unreachable.", "problem_id": "ads2_m4_a1_1", "user_id": "bhaskaravsravya", "score": {"sample": {"0": {"execution_time": 0.2479407787322998, "passed": true}, "1": {"execution_time": 0.22370672225952148, "passed": false}, "2": {"execution_time": 0.22530889511108398, "passed": false}, "3": {"execution_time": 0.2605724334716797, "passed": false}, "4": {"execution_time": 0.23509836196899414, "passed": false}, "5": {"execution_time": 0.16316580772399902, "passed": false}, "6": {"execution_time": 0.2110919952392578, "passed": false}, "7": {"execution_time": 0.19723868370056152, "passed": false}, "8": {"execution_time": 0.22628045082092285, "passed": false}, "9": {"execution_time": 0.17498540878295898, "passed": false}, "10": {"execution_time": 0.23107290267944336, "passed": false}, "11": {"execution_time": 0.19529294967651367, "passed": true}, "12": {"execution_time": 0.2236945629119873, "passed": true}, "13": {"execution_time": 0.7186813354492188, "passed": false}, "14": {"execution_time": 0.21205377578735352, "passed": false}}}, "check_style_score": "0/1"}