{"version": "1", "message": "ERROR: Hidden Testcases server unreachable.", "problem_id": "ads2_m4_a1_1", "user_id": "bhaskaravsravya", "score": {"sample": {"0": {"execution_time": 0.24326038360595703, "passed": true}, "1": {"execution_time": 0.4347968101501465, "passed": true}, "2": {"execution_time": 0.25805044174194336, "passed": true}, "3": {"execution_time": 0.258392333984375, "passed": true}, "4": {"execution_time": 0.19686174392700195, "passed": true}, "5": {"execution_time": 0.22757816314697266, "passed": true}, "6": {"execution_time": 0.21094965934753418, "passed": true}, "7": {"execution_time": 0.19497895240783691, "passed": true}, "8": {"execution_time": 0.2597057819366455, "passed": true}, "9": {"execution_time": 0.21420049667358398, "passed": true}, "10": {"execution_time": 0.1797163486480713, "passed": true}, "11": {"execution_time": 0.25773096084594727, "passed": true}, "12": {"execution_time": 0.19360828399658203, "passed": true}, "13": {"execution_time": 0.7752962112426758, "passed": true}, "14": {"execution_time": 0.20975303649902344, "passed": true}}}, "check_style_score": "0/1"}