{"version": "1", "message": "ERROR: Hidden Testcases server unreachable.", "problem_id": "ads2_m4_a1_1", "user_id": "bhaskaravsravya", "score": {"sample": {"0": {"execution_time": 0.4356725215911865, "passed": true}, "1": {"execution_time": 0.395280122756958, "passed": true}, "2": {"execution_time": 0.515308141708374, "passed": true}, "3": {"execution_time": 0.5640950202941895, "passed": true}, "4": {"execution_time": 0.5186221599578857, "passed": true}, "5": {"execution_time": 0.40909314155578613, "passed": true}, "6": {"execution_time": 0.46545982360839844, "passed": true}, "7": {"execution_time": 0.5618240833282471, "passed": true}, "8": {"execution_time": 0.5002551078796387, "passed": true}, "9": {"execution_time": 0.4109666347503662, "passed": true}, "10": {"execution_time": 0.3862733840942383, "passed": true}, "11": {"execution_time": 0.4114034175872803, "passed": true}, "12": {"execution_time": 0.41286730766296387, "passed": true}, "13": {"execution_time": 0.9062259197235107, "passed": true}, "14": {"execution_time": 0.47697973251342773, "passed": true}}}, "check_style_score": "0/1"}