{"version": "1", "message": "ERROR: Hidden Testcases server unreachable.", "problem_id": "ads2_m4_a1_1", "user_id": "bhaskaravsravya", "score": {"sample": {"0": {"execution_time": 0.6327204704284668, "passed": true}, "1": {"execution_time": 0.5274355411529541, "passed": false}, "2": {"execution_time": 0.37205958366394043, "passed": false}, "3": {"execution_time": 0.4853978157043457, "passed": false}, "4": {"execution_time": 0.31928539276123047, "passed": false}, "5": {"execution_time": 0.6366751194000244, "passed": false}, "6": {"execution_time": 0.39476561546325684, "passed": false}, "7": {"execution_time": 0.4588186740875244, "passed": false}, "8": {"execution_time": 0.41067957878112793, "passed": true}, "9": {"execution_time": 0.5026488304138184, "passed": true}, "10": {"execution_time": 0.4677250385284424, "passed": true}, "11": {"execution_time": 0.38158607482910156, "passed": true}, "12": {"execution_time": 0.34946346282958984, "passed": true}, "13": {"execution_time": 0.9889123439788818, "passed": false}, "14": {"execution_time": 0.3861978054046631, "passed": true}}}, "check_style_score": "0/1"}