{"version": "1", "message": "ERROR: Hidden Testcases server unreachable.", "problem_id": "ads2_m4_a1_1", "user_id": "bhaskaravsravya", "score": {"sample": {"0": {"execution_time": 0.2261033058166504, "passed": true}, "1": {"execution_time": 0.2554912567138672, "passed": true}, "2": {"execution_time": 0.2609400749206543, "passed": true}, "3": {"execution_time": 0.2465956211090088, "passed": true}, "4": {"execution_time": 0.20149946212768555, "passed": true}, "5": {"execution_time": 0.24426889419555664, "passed": true}, "6": {"execution_time": 0.2161543369293213, "passed": true}, "7": {"execution_time": 0.22105026245117188, "passed": true}, "8": {"execution_time": 0.3381366729736328, "passed": true}, "9": {"execution_time": 0.21062445640563965, "passed": true}, "10": {"execution_time": 0.1538839340209961, "passed": true}, "11": {"execution_time": 0.21285462379455566, "passed": true}, "12": {"execution_time": 0.22867918014526367, "passed": true}, "13": {"execution_time": 0.7844679355621338, "passed": true}, "14": {"execution_time": 0.29462099075317383, "passed": true}}}, "check_style_score": "0/1"}