{"version": "1", "message": "ERROR: Hidden Testcases server unreachable.", "problem_id": "ads2_m4_a1_1", "user_id": "bhaskaravsravya", "score": {"sample": {"0": {"execution_time": 0.3071913719177246, "passed": true}, "1": {"execution_time": 0.5181255340576172, "passed": false}, "2": {"execution_time": 0.5013427734375, "passed": false}, "3": {"execution_time": 0.5227773189544678, "passed": false}, "4": {"execution_time": 0.4220402240753174, "passed": false}, "5": {"execution_time": 0.39421772956848145, "passed": false}, "6": {"execution_time": 0.4252438545227051, "passed": false}, "7": {"execution_time": 0.45505857467651367, "passed": false}, "8": {"execution_time": 0.44141054153442383, "passed": true}, "9": {"execution_time": 0.48927879333496094, "passed": true}, "10": {"execution_time": 0.4467809200286865, "passed": true}, "11": {"execution_time": 0.4273231029510498, "passed": true}, "12": {"execution_time": 0.41611194610595703, "passed": true}, "13": {"execution_time": 1.0153207778930664, "passed": false}, "14": {"execution_time": 0.47922539710998535, "passed": true}}}, "check_style_score": "0/1"}