{"version": "1", "message": "ERROR: Hidden Testcases server unreachable.", "problem_id": "ads2_m4_a1_1", "user_id": "bhaskaravsravya", "score": {"sample": {"0": {"execution_time": 0.5047354698181152, "passed": true}, "1": {"execution_time": 0.4439113140106201, "passed": true}, "2": {"execution_time": 0.5505428314208984, "passed": true}, "3": {"execution_time": 0.4561283588409424, "passed": true}, "4": {"execution_time": 0.428987979888916, "passed": true}, "5": {"execution_time": 0.4917769432067871, "passed": true}, "6": {"execution_time": 0.3161602020263672, "passed": true}, "7": {"execution_time": 0.3700230121612549, "passed": true}, "8": {"execution_time": 0.5118529796600342, "passed": true}, "9": {"execution_time": 0.4231743812561035, "passed": true}, "10": {"execution_time": 0.3933596611022949, "passed": true}, "11": {"execution_time": 0.2629585266113281, "passed": true}, "12": {"execution_time": 0.37880444526672363, "passed": true}, "13": {"execution_time": 1.6269903182983398, "passed": true}, "14": {"execution_time": 0.4284248352050781, "passed": true}}}, "check_style_score": "0/1"}