{"version": "1", "message": "ERROR: Hidden Testcases server unreachable.", "problem_id": "ads2_m4_a1_1", "user_id": "bhaskaravsravya", "score": {"sample": {"0": {"execution_time": 0.5706284046173096, "passed": true}, "1": {"execution_time": 0.521735429763794, "passed": true}, "2": {"execution_time": 0.5326123237609863, "passed": true}, "3": {"execution_time": 0.48997926712036133, "passed": true}, "4": {"execution_time": 0.4513864517211914, "passed": true}, "5": {"execution_time": 0.4216644763946533, "passed": true}, "6": {"execution_time": 0.49921274185180664, "passed": true}, "7": {"execution_time": 0.43453359603881836, "passed": true}, "8": {"execution_time": 0.573922872543335, "passed": true}, "9": {"execution_time": 0.40995264053344727, "passed": true}, "10": {"execution_time": 0.4668147563934326, "passed": true}, "11": {"execution_time": 0.43521618843078613, "passed": true}, "12": {"execution_time": 0.3452718257904053, "passed": true}, "13": {"execution_time": 1.077378273010254, "passed": true}, "14": {"execution_time": 0.4432036876678467, "passed": true}}}, "check_style_score": "0/1"}