{"version": "1", "message": "ERROR: Hidden Testcases server unreachable.", "problem_id": "ads2_m4_a1_1", "user_id": "bhaskaravsravya", "score": {"sample": {"0": {"execution_time": 0.594365119934082, "passed": true}, "1": {"execution_time": 0.3684878349304199, "passed": true}, "2": {"execution_time": 0.5980288982391357, "passed": false}, "3": {"execution_time": 0.4953947067260742, "passed": true}, "4": {"execution_time": 0.46318531036376953, "passed": true}, "5": {"execution_time": 0.4534788131713867, "passed": true}, "6": {"execution_time": 0.4645984172821045, "passed": true}, "7": {"execution_time": 0.5274820327758789, "passed": true}, "8": {"execution_time": 0.5748569965362549, "passed": true}, "9": {"execution_time": 0.34326744079589844, "passed": true}, "10": {"execution_time": 0.433063268661499, "passed": true}, "11": {"execution_time": 0.33461999893188477, "passed": true}, "12": {"execution_time": 0.389662504196167, "passed": true}, "13": {"execution_time": 1.0311219692230225, "passed": false}, "14": {"execution_time": 0.3749358654022217, "passed": true}}}, "check_style_score": "0/1"}