{"version": "1", "message": "ERROR: Hidden Testcases server unreachable.", "problem_id": "ads2_m4_a1_1", "user_id": "bhaskaravsravya", "score": {"sample": {"0": {"execution_time": 0.5390748977661133, "passed": true}, "1": {"execution_time": 0.5805652141571045, "passed": true}, "2": {"execution_time": 0.6340365409851074, "passed": true}, "3": {"execution_time": 0.6102790832519531, "passed": true}, "4": {"execution_time": 0.4388267993927002, "passed": true}, "5": {"execution_time": 0.4594407081604004, "passed": true}, "6": {"execution_time": 0.4800279140472412, "passed": true}, "7": {"execution_time": 0.5138731002807617, "passed": true}, "8": {"execution_time": 0.4393758773803711, "passed": true}, "9": {"execution_time": 0.44545507431030273, "passed": true}, "10": {"execution_time": 0.4890010356903076, "passed": true}, "11": {"execution_time": 0.4683356285095215, "passed": true}, "12": {"execution_time": 0.4723625183105469, "passed": true}, "13": {"execution_time": 1.1193878650665283, "passed": true}, "14": {"execution_time": 0.35494065284729004, "passed": true}}}, "check_style_score": "0/1"}