{"version": "1", "message": "ERROR: Hidden Testcases server unreachable.", "problem_id": "ads2_m4_a1_1", "user_id": "bhaskaravsravya", "score": {"sample": {"0": {"execution_time": 0.5703027248382568, "passed": true}, "1": {"execution_time": 0.4786224365234375, "passed": false}, "2": {"execution_time": 0.6051108837127686, "passed": false}, "3": {"execution_time": 0.5642924308776855, "passed": false}, "4": {"execution_time": 0.42354416847229004, "passed": false}, "5": {"execution_time": 0.39645886421203613, "passed": false}, "6": {"execution_time": 0.4657869338989258, "passed": false}, "7": {"execution_time": 0.45782470703125, "passed": false}, "8": {"execution_time": 0.5693850517272949, "passed": false}, "9": {"execution_time": 0.5636260509490967, "passed": false}, "10": {"execution_time": 0.4669051170349121, "passed": false}, "11": {"execution_time": 0.3932499885559082, "passed": true}, "12": {"execution_time": 0.4324624538421631, "passed": true}, "13": {"execution_time": 1.4718639850616455, "passed": false}, "14": {"execution_time": 0.47187089920043945, "passed": false}}}, "check_style_score": "0/1"}