{"version": "1", "message": "ERROR: Hidden Testcases server unreachable.", "problem_id": "ads2_m4_a1_1", "user_id": "bhaskaravsravya", "score": {"sample": {"0": {"execution_time": 0.5579986572265625, "passed": true}, "1": {"execution_time": 0.29488468170166016, "passed": true}, "2": {"execution_time": 0.4490838050842285, "passed": true}, "3": {"execution_time": 0.5230014324188232, "passed": true}, "4": {"execution_time": 0.4548654556274414, "passed": true}, "5": {"execution_time": 0.4104452133178711, "passed": true}, "6": {"execution_time": 0.5063607692718506, "passed": true}, "7": {"execution_time": 0.4701378345489502, "passed": true}, "8": {"execution_time": 0.48645901679992676, "passed": true}, "9": {"execution_time": 0.47289013862609863, "passed": true}, "10": {"execution_time": 0.4439737796783447, "passed": true}, "11": {"execution_time": 0.3676450252532959, "passed": true}, "12": {"execution_time": 0.44835782051086426, "passed": true}, "13": {"execution_time": 1.667029619216919, "passed": true}, "14": {"execution_time": 0.42319393157958984, "passed": true}}}, "check_style_score": "0/1"}