{"version": "1", "message": "ERROR: Hidden Testcases server unreachable.", "problem_id": "ads2_m4_a1_1", "user_id": "bhaskaravsravya", "score": {"sample": {"0": {"execution_time": 0.3585495948791504, "passed": true}, "1": {"execution_time": 0.45601487159729004, "passed": false}, "2": {"execution_time": 0.570051908493042, "passed": false}, "3": {"execution_time": 0.633141040802002, "passed": false}, "4": {"execution_time": 0.28857970237731934, "passed": false}, "5": {"execution_time": 0.371171236038208, "passed": false}, "6": {"execution_time": 0.42349910736083984, "passed": false}, "7": {"execution_time": 0.4684879779815674, "passed": false}, "8": {"execution_time": 0.5087275505065918, "passed": true}, "9": {"execution_time": 0.3297538757324219, "passed": true}, "10": {"execution_time": 0.48432374000549316, "passed": true}, "11": {"execution_time": 0.49603796005249023, "passed": true}, "12": {"execution_time": 0.4439272880554199, "passed": true}, "13": {"execution_time": 0.9623360633850098, "passed": false}, "14": {"execution_time": 0.40108633041381836, "passed": true}}}, "check_style_score": "0/1"}