{"version": "1", "message": "ERROR: Hidden Testcases server unreachable.", "problem_id": "ads2_m2_a1_1", "user_id": "bhaskaravsravya", "score": {"sample": {"0": {"execution_time": 0.1728353500366211, "passed": true}, "1": {"execution_time": 0.15284371376037598, "passed": true}, "2": {"execution_time": 0.18074798583984375, "passed": true}, "3": {"execution_time": 0.15625905990600586, "passed": true}, "4": {"execution_time": 0.19790172576904297, "passed": true}, "5": {"execution_time": 0.13805174827575684, "passed": true}, "6": {"execution_time": 0.16374731063842773, "passed": true}, "7": {"execution_time": 0.19691991806030273, "passed": true}, "8": {"execution_time": 0.1757500171661377, "passed": true}, "9": {"execution_time": 0.15283608436584473, "passed": true}, "10": {"execution_time": 0.18370318412780762, "passed": true}, "11": {"execution_time": 0.17652058601379395, "passed": true}, "12": {"execution_time": 0.15488004684448242, "passed": true}, "13": {"execution_time": 0.19649124145507812, "passed": true}, "14": {"execution_time": 0.1466999053955078, "passed": true}, "15": {"execution_time": 0.17627286911010742, "passed": true}, "16": {"execution_time": 0.14541196823120117, "passed": true}, "17": {"execution_time": 0.20977568626403809, "passed": true}, "18": {"execution_time": 0.21478724479675293, "passed": true}, "19": {"execution_time": 0.22203660011291504, "passed": true}, "20": {"execution_time": 0.21602535247802734, "passed": true}, "21": {"execution_time": 0.19655323028564453, "passed": true}, "22": {"execution_time": 0.2526986598968506, "passed": true}, "23": {"execution_time": 0.23636555671691895, "passed": true}}}, "check_style_score": "1/1"}