{"version": "1", "message": "ERROR: Hidden Testcases server unreachable.", "problem_id": "ads2_m2_a1_1", "user_id": "bhaskaravsravya", "score": {"sample": {"0": {"execution_time": 0.43738722801208496, "passed": false}, "1": {"execution_time": 0.4772031307220459, "passed": false}, "2": {"execution_time": 0.4997420310974121, "passed": false}, "3": {"execution_time": 0.6486856937408447, "passed": false}, "4": {"execution_time": 0.5212967395782471, "passed": false}, "5": {"execution_time": 0.5343656539916992, "passed": false}, "6": {"execution_time": 0.28893494606018066, "passed": false}, "7": {"execution_time": 0.6333160400390625, "passed": false}, "8": {"execution_time": 0.39037466049194336, "passed": false}, "9": {"execution_time": 0.4506509304046631, "passed": false}, "10": {"execution_time": 0.369931697845459, "passed": false}, "11": {"execution_time": 0.5320839881896973, "passed": false}, "12": {"execution_time": 0.5866622924804688, "passed": false}, "13": {"execution_time": 0.48435091972351074, "passed": false}, "14": {"execution_time": 0.38706374168395996, "passed": false}, "15": {"execution_time": 0.8353161811828613, "passed": false}, "16": {"execution_time": 0.4001615047454834, "passed": false}, "17": {"execution_time": 0.3729372024536133, "passed": false}, "18": {"execution_time": 0.5733859539031982, "passed": false}, "19": {"execution_time": 0.7108111381530762, "passed": false}, "20": {"execution_time": 0.5331211090087891, "passed": false}, "21": {"execution_time": 0.5797343254089355, "passed": false}, "22": {"execution_time": 0.4434034824371338, "passed": false}, "23": {"execution_time": 0.7002966403961182, "passed": false}}}, "check_style_score": "0/1"}