{"version": "1", "message": "ERROR: Hidden Testcases server unreachable.", "problem_id": "ads2_m2_a1_1", "user_id": "bhaskaravsravya", "score": {"sample": {"0": {"execution_time": 0.17382287979125977, "passed": true}, "1": {"execution_time": 0.18497586250305176, "passed": true}, "2": {"execution_time": 0.17891240119934082, "passed": true}, "3": {"execution_time": 0.24098896980285645, "passed": true}, "4": {"execution_time": 0.15358662605285645, "passed": true}, "5": {"execution_time": 0.14699530601501465, "passed": true}, "6": {"execution_time": 0.18223190307617188, "passed": true}, "7": {"execution_time": 0.15417790412902832, "passed": true}, "8": {"execution_time": 0.16254377365112305, "passed": true}, "9": {"execution_time": 0.1579117774963379, "passed": true}, "10": {"execution_time": 0.16530442237854004, "passed": true}, "11": {"execution_time": 0.17840266227722168, "passed": true}, "12": {"execution_time": 0.17788052558898926, "passed": true}, "13": {"execution_time": 0.17869353294372559, "passed": true}, "14": {"execution_time": 0.17776703834533691, "passed": true}, "15": {"execution_time": 0.1994466781616211, "passed": true}, "16": {"execution_time": 0.1804213523864746, "passed": true}, "17": {"execution_time": 0.2595372200012207, "passed": true}, "18": {"execution_time": 0.24234962463378906, "passed": true}, "19": {"execution_time": 0.20111370086669922, "passed": true}, "20": {"execution_time": 0.22659850120544434, "passed": true}, "21": {"execution_time": 0.17244577407836914, "passed": true}, "22": {"execution_time": 0.24057865142822266, "passed": true}, "23": {"execution_time": 0.2351846694946289, "passed": true}}}, "check_style_score": "0/1"}