{"version": "1", "message": "ERROR: Hidden Testcases server unreachable.", "problem_id": "ads2_m2_a1_1", "user_id": "bhaskaravsravya", "score": {"sample": {"0": {"execution_time": 0.9612689018249512, "passed": false}, "1": {"execution_time": 0.5405933856964111, "passed": false}, "2": {"execution_time": 0.3145596981048584, "passed": false}, "3": {"execution_time": 0.5625960826873779, "passed": false}, "4": {"execution_time": 0.6535940170288086, "passed": false}, "5": {"execution_time": 0.8244037628173828, "passed": false}, "6": {"execution_time": 0.498502254486084, "passed": false}, "7": {"execution_time": 0.5404636859893799, "passed": false}, "8": {"execution_time": 0.8333666324615479, "passed": false}, "9": {"execution_time": 0.41256022453308105, "passed": false}, "10": {"execution_time": 0.4165194034576416, "passed": false}, "11": {"execution_time": 1.126089096069336, "passed": false}, "12": {"execution_time": 0.45826172828674316, "passed": false}, "13": {"execution_time": 0.564629316329956, "passed": false}, "14": {"execution_time": 0.4426615238189697, "passed": false}, "15": {"execution_time": 1.3049488067626953, "passed": false}, "16": {"execution_time": 0.5539267063140869, "passed": false}, "17": {"execution_time": 0.77168869972229, "passed": false}, "18": {"execution_time": 0.4853031635284424, "passed": false}, "19": {"execution_time": 0.4801764488220215, "passed": false}, "20": {"execution_time": 0.5519673824310303, "passed": false}, "21": {"execution_time": 0.5529119968414307, "passed": false}, "22": {"execution_time": 0.9183716773986816, "passed": false}, "23": {"execution_time": 0.8099663257598877, "passed": false}}}, "check_style_score": "0/1"}