{"version": "1", "message": "ERROR: Hidden Testcases server unreachable.", "problem_id": "ads2_m2_a1_1", "user_id": "bhaskaravsravya", "score": {"sample": {"0": {"execution_time": 0.15683937072753906, "passed": true}, "1": {"execution_time": 0.15083861351013184, "passed": true}, "2": {"execution_time": 0.21189260482788086, "passed": true}, "3": {"execution_time": 0.15185856819152832, "passed": true}, "4": {"execution_time": 0.15504121780395508, "passed": true}, "5": {"execution_time": 0.15134501457214355, "passed": true}, "6": {"execution_time": 0.2190113067626953, "passed": true}, "7": {"execution_time": 0.1834702491760254, "passed": true}, "8": {"execution_time": 0.15122652053833008, "passed": true}, "9": {"execution_time": 0.17489361763000488, "passed": true}, "10": {"execution_time": 0.17662906646728516, "passed": true}, "11": {"execution_time": 0.2120208740234375, "passed": true}, "12": {"execution_time": 0.15963029861450195, "passed": true}, "13": {"execution_time": 0.16567540168762207, "passed": true}, "14": {"execution_time": 0.19629216194152832, "passed": true}, "15": {"execution_time": 0.21321344375610352, "passed": true}, "16": {"execution_time": 0.1807842254638672, "passed": true}, "17": {"execution_time": 0.235945463180542, "passed": true}, "18": {"execution_time": 0.1971724033355713, "passed": true}, "19": {"execution_time": 0.21480369567871094, "passed": true}, "20": {"execution_time": 0.21254587173461914, "passed": true}, "21": {"execution_time": 0.2956051826477051, "passed": true}, "22": {"execution_time": 0.22005772590637207, "passed": true}, "23": {"execution_time": 0.25901341438293457, "passed": true}}}, "check_style_score": "0/1"}