{"version": "1", "message": "ERROR: Hidden Testcases server unreachable.", "problem_id": "ads2_m2_a1_1", "user_id": "bhaskaravsravya", "score": {"sample": {"0": {"execution_time": 0.2682034969329834, "passed": true}, "1": {"execution_time": 0.25612854957580566, "passed": true}, "2": {"execution_time": 0.22273969650268555, "passed": true}, "3": {"execution_time": 0.2754695415496826, "passed": true}, "4": {"execution_time": 0.25261449813842773, "passed": true}, "5": {"execution_time": 0.19680523872375488, "passed": true}, "6": {"execution_time": 0.32276058197021484, "passed": true}, "7": {"execution_time": 0.2513253688812256, "passed": true}, "8": {"execution_time": 0.565380334854126, "passed": true}, "9": {"execution_time": 0.23216629028320312, "passed": true}, "10": {"execution_time": 0.22428512573242188, "passed": true}, "11": {"execution_time": 0.2915816307067871, "passed": true}, "12": {"execution_time": 0.2785508632659912, "passed": true}, "13": {"execution_time": 1.1721606254577637, "passed": true}, "14": {"execution_time": 1.168217658996582, "passed": true}, "15": {"execution_time": 0.2907125949859619, "passed": true}, "16": {"execution_time": 0.207627534866333, "passed": true}, "17": {"execution_time": 0.6837952136993408, "passed": true}, "18": {"execution_time": 0.2942929267883301, "passed": true}, "19": {"execution_time": 0.2809128761291504, "passed": true}, "20": {"execution_time": 0.33774328231811523, "passed": true}, "21": {"execution_time": 0.16823506355285645, "passed": true}, "22": {"execution_time": 0.23015737533569336, "passed": true}, "23": {"execution_time": 0.23481512069702148, "passed": true}}}, "check_style_score": "0/1"}