{"version": "1", "message": "ERROR: Hidden Testcases server unreachable.", "problem_id": "ads2_m2_a1_1", "user_id": "bhaskaravsravya", "score": {"sample": {"0": {"execution_time": 0.18176555633544922, "passed": true}, "1": {"execution_time": 0.17990660667419434, "passed": true}, "2": {"execution_time": 0.1825258731842041, "passed": true}, "3": {"execution_time": 0.1969308853149414, "passed": true}, "4": {"execution_time": 0.16518020629882812, "passed": true}, "5": {"execution_time": 0.17863941192626953, "passed": true}, "6": {"execution_time": 0.15759015083312988, "passed": true}, "7": {"execution_time": 0.1594376564025879, "passed": true}, "8": {"execution_time": 0.1629788875579834, "passed": true}, "9": {"execution_time": 0.23700165748596191, "passed": true}, "10": {"execution_time": 0.18024516105651855, "passed": true}, "11": {"execution_time": 0.179656982421875, "passed": true}, "12": {"execution_time": 0.1765892505645752, "passed": true}, "13": {"execution_time": 0.14160442352294922, "passed": true}, "14": {"execution_time": 0.20450830459594727, "passed": true}, "15": {"execution_time": 0.19533944129943848, "passed": true}, "16": {"execution_time": 0.18090510368347168, "passed": true}, "17": {"execution_time": 0.256636381149292, "passed": true}, "18": {"execution_time": 0.2064056396484375, "passed": true}, "19": {"execution_time": 0.21210122108459473, "passed": true}, "20": {"execution_time": 0.22667288780212402, "passed": true}, "21": {"execution_time": 0.1796722412109375, "passed": true}, "22": {"execution_time": 0.2451765537261963, "passed": true}, "23": {"execution_time": 0.25333356857299805, "passed": true}}}, "check_style_score": "0/1"}