{"version": "1", "message": "ERROR: Hidden Testcases server unreachable.", "problem_id": "ads2_m2_a1_1", "user_id": "bhaskaravsravya", "score": {"sample": {"0": {"execution_time": 0.9099225997924805, "passed": false}, "1": {"execution_time": 0.4316697120666504, "passed": false}, "2": {"execution_time": 0.49278712272644043, "passed": false}, "3": {"execution_time": 0.5259575843811035, "passed": false}, "4": {"execution_time": 0.46317458152770996, "passed": false}, "5": {"execution_time": 0.42881298065185547, "passed": false}, "6": {"execution_time": 0.538532018661499, "passed": false}, "7": {"execution_time": 0.6471898555755615, "passed": false}, "8": {"execution_time": 0.47306060791015625, "passed": false}, "9": {"execution_time": 0.48572564125061035, "passed": false}, "10": {"execution_time": 0.44600582122802734, "passed": false}, "11": {"execution_time": 0.4496333599090576, "passed": false}, "12": {"execution_time": 0.5601346492767334, "passed": false}, "13": {"execution_time": 0.35361385345458984, "passed": false}, "14": {"execution_time": 0.4413108825683594, "passed": false}, "15": {"execution_time": 0.3426249027252197, "passed": false}, "16": {"execution_time": 0.5813462734222412, "passed": false}, "17": {"execution_time": 0.38471007347106934, "passed": false}, "18": {"execution_time": 0.8710052967071533, "passed": false}, "19": {"execution_time": 0.40572094917297363, "passed": false}, "20": {"execution_time": 0.48641467094421387, "passed": false}, "21": {"execution_time": 0.47512149810791016, "passed": false}, "22": {"execution_time": 0.8501241207122803, "passed": false}, "23": {"execution_time": 0.6822865009307861, "passed": false}}}, "check_style_score": "0/1"}