{"version": "1", "message": "ERROR: Hidden Testcases server unreachable.", "problem_id": "ads2_m6_a1_1", "user_id": "bhaskaravsravya", "score": {"sample": {"0": {"execution_time": 0.1934831142425537, "passed": false}, "1": {"execution_time": 0.17804241180419922, "passed": false}, "2": {"execution_time": 0.22467422485351562, "passed": false}, "3": {"execution_time": 0.21088814735412598, "passed": false}, "4": {"execution_time": 0.2037055492401123, "passed": false}, "5": {"execution_time": 0.28131771087646484, "passed": false}, "6": {"execution_time": 0.21384024620056152, "passed": true}, "7": {"execution_time": 0.21383905410766602, "passed": false}, "8": {"execution_time": 0.1956501007080078, "passed": true}, "9": {"execution_time": 0.21657633781433105, "passed": false}, "10": {"execution_time": 0.21922707557678223, "passed": false}, "11": {"execution_time": 0.21477174758911133, "passed": false}}}, "check_style_score": "0/1"}