{"version": "1", "message": "ERROR: Hidden Testcases server unreachable.", "problem_id": "ads2_m6_a1_1", "user_id": "bhaskaravsravya", "score": {"sample": {"0": {"execution_time": 0.2074449062347412, "passed": false}, "1": {"execution_time": 0.2180941104888916, "passed": false}, "2": {"execution_time": 0.20984125137329102, "passed": false}, "3": {"execution_time": 0.21851587295532227, "passed": false}, "4": {"execution_time": 0.4766824245452881, "passed": false}, "5": {"execution_time": 0.19915127754211426, "passed": false}, "6": {"execution_time": 0.2115027904510498, "passed": true}, "7": {"execution_time": 0.27024340629577637, "passed": false}, "8": {"execution_time": 0.2288215160369873, "passed": true}, "9": {"execution_time": 0.22861838340759277, "passed": false}, "10": {"execution_time": 0.21923303604125977, "passed": false}, "11": {"execution_time": 0.2104020118713379, "passed": false}}}, "check_style_score": "0/1"}