{"version": "1", "message": "ERROR: Hidden Testcases server unreachable.", "problem_id": "ads2_m6_a1_1", "user_id": "bhaskaravsravya", "score": {"sample": {"0": {"execution_time": 0.4107966423034668, "passed": false}, "1": {"execution_time": 0.55545973777771, "passed": false}, "2": {"execution_time": 0.5411624908447266, "passed": false}, "3": {"execution_time": 0.47363805770874023, "passed": false}, "4": {"execution_time": 0.501401424407959, "passed": true}, "5": {"execution_time": 0.46710705757141113, "passed": false}, "6": {"execution_time": 0.4154489040374756, "passed": true}, "7": {"execution_time": 0.4596414566040039, "passed": false}, "8": {"execution_time": 0.5158267021179199, "passed": true}, "9": {"execution_time": 0.4428122043609619, "passed": true}, "10": {"execution_time": 0.506019115447998, "passed": true}, "11": {"execution_time": 0.4709615707397461, "passed": false}}}, "check_style_score": "0/1"}