{"version": "1", "message": "ERROR: Hidden Testcases server unreachable.", "problem_id": "ads2_m6_a1_1", "user_id": "bhaskaravsravya", "score": {"sample": {"0": {"execution_time": 0.570350170135498, "passed": false}, "1": {"execution_time": 0.4632151126861572, "passed": false}, "2": {"execution_time": 0.48161745071411133, "passed": false}, "3": {"execution_time": 0.5231683254241943, "passed": false}, "4": {"execution_time": 0.45419883728027344, "passed": false}, "5": {"execution_time": 0.5074725151062012, "passed": false}, "6": {"execution_time": 0.5322825908660889, "passed": true}, "7": {"execution_time": 0.5430450439453125, "passed": false}, "8": {"execution_time": 0.4792323112487793, "passed": true}, "9": {"execution_time": 0.5457596778869629, "passed": false}, "10": {"execution_time": 0.577751636505127, "passed": true}, "11": {"execution_time": 0.5213901996612549, "passed": false}}}, "check_style_score": "0/1"}