{"version": "1", "message": "ERROR: Hidden Testcases server unreachable.", "problem_id": "ads2_m6_a1_1", "user_id": "bhaskaravsravya", "score": {"sample": {"0": {"execution_time": 0.18257880210876465, "passed": false}, "1": {"execution_time": 0.21056151390075684, "passed": false}, "2": {"execution_time": 0.2578766345977783, "passed": false}, "3": {"execution_time": 0.2243175506591797, "passed": false}, "4": {"execution_time": 0.19846510887145996, "passed": false}, "5": {"execution_time": 0.19337129592895508, "passed": false}, "6": {"execution_time": 0.1743147373199463, "passed": false}, "7": {"execution_time": 0.21891999244689941, "passed": false}, "8": {"execution_time": 0.24396872520446777, "passed": false}, "9": {"execution_time": 0.1892096996307373, "passed": false}, "10": {"execution_time": 0.1922779083251953, "passed": false}, "11": {"execution_time": 0.22606229782104492, "passed": false}}}, "check_style_score": "0/1"}