{"version": "1", "message": "ERROR: Hidden Testcases server unreachable.", "problem_id": "ads2_m6_a1_1", "user_id": "bhaskaravsravya", "score": {"sample": {"0": {"execution_time": 1.1133944988250732, "passed": false}, "1": {"execution_time": 0.4467175006866455, "passed": false}, "2": {"execution_time": 0.5595958232879639, "passed": false}, "3": {"execution_time": 0.5348107814788818, "passed": false}, "4": {"execution_time": 0.593651294708252, "passed": false}, "5": {"execution_time": 0.5247232913970947, "passed": false}, "6": {"execution_time": 0.5371191501617432, "passed": true}, "7": {"execution_time": 0.4367351531982422, "passed": false}, "8": {"execution_time": 0.46506762504577637, "passed": true}, "9": {"execution_time": 0.523345947265625, "passed": false}, "10": {"execution_time": 0.43392229080200195, "passed": true}, "11": {"execution_time": 0.5857160091400146, "passed": false}}}, "check_style_score": "0/1"}