{"version": "1", "message": "ERROR: Hidden Testcases server unreachable.", "problem_id": "ads2_m6_a1_1", "user_id": "bhaskaravsravya", "score": {"sample": {"0": {"execution_time": 0.5412817001342773, "passed": false}, "1": {"execution_time": 0.48630356788635254, "passed": false}, "2": {"execution_time": 0.5570299625396729, "passed": false}, "3": {"execution_time": 0.4554119110107422, "passed": false}, "4": {"execution_time": 0.6919333934783936, "passed": false}, "5": {"execution_time": 0.6459865570068359, "passed": false}, "6": {"execution_time": 0.5163984298706055, "passed": true}, "7": {"execution_time": 0.47251462936401367, "passed": false}, "8": {"execution_time": 0.4738893508911133, "passed": true}, "9": {"execution_time": 0.45447874069213867, "passed": false}, "10": {"execution_time": 0.4106941223144531, "passed": true}, "11": {"execution_time": 0.41671252250671387, "passed": false}}}, "check_style_score": "0/1"}