{"version": "1", "message": "ERROR: Hidden Testcases server unreachable.", "problem_id": "ads2_m6_a1_1", "user_id": "bhaskaravsravya", "score": {"sample": {"0": {"execution_time": 0.3620948791503906, "passed": false}, "1": {"execution_time": 0.4136676788330078, "passed": false}, "2": {"execution_time": 0.5600955486297607, "passed": false}, "3": {"execution_time": 0.5532007217407227, "passed": false}, "4": {"execution_time": 0.4865286350250244, "passed": false}, "5": {"execution_time": 0.4416236877441406, "passed": false}, "6": {"execution_time": 0.48184657096862793, "passed": true}, "7": {"execution_time": 0.4807400703430176, "passed": false}, "8": {"execution_time": 0.5713005065917969, "passed": true}, "9": {"execution_time": 0.5469658374786377, "passed": false}, "10": {"execution_time": 0.5495660305023193, "passed": true}, "11": {"execution_time": 0.5871765613555908, "passed": false}}}, "check_style_score": "0/1"}