{"version": "1", "message": "ERROR: Hidden Testcases server unreachable.", "problem_id": "ads2_m6_a1_1", "user_id": "bhaskaravsravya", "score": {"sample": {"0": {"execution_time": 0.334644079208374, "passed": false}, "1": {"execution_time": 0.3431277275085449, "passed": false}, "2": {"execution_time": 0.28685593605041504, "passed": false}, "3": {"execution_time": 0.34716367721557617, "passed": false}, "4": {"execution_time": 0.41536545753479004, "passed": false}, "5": {"execution_time": 0.5096175670623779, "passed": false}, "6": {"execution_time": 0.489452600479126, "passed": false}, "7": {"execution_time": 0.4051215648651123, "passed": false}, "8": {"execution_time": 0.4809262752532959, "passed": false}, "9": {"execution_time": 0.432375431060791, "passed": false}, "10": {"execution_time": 0.39662957191467285, "passed": false}, "11": {"execution_time": 0.48488306999206543, "passed": false}}}, "check_style_score": "0/1"}