{"version": "1", "message": "ERROR: Hidden Testcases server unreachable.", "problem_id": "ads2_m6_a1_1", "user_id": "bhaskaravsravya", "score": {"sample": {"0": {"execution_time": 0.4666450023651123, "passed": false}, "1": {"execution_time": 0.5342867374420166, "passed": false}, "2": {"execution_time": 0.43521904945373535, "passed": false}, "3": {"execution_time": 0.46296048164367676, "passed": false}, "4": {"execution_time": 0.5435361862182617, "passed": false}, "5": {"execution_time": 0.5184013843536377, "passed": false}, "6": {"execution_time": 0.4330251216888428, "passed": false}, "7": {"execution_time": 0.4274594783782959, "passed": false}, "8": {"execution_time": 0.2808346748352051, "passed": false}, "9": {"execution_time": 0.48211121559143066, "passed": false}, "10": {"execution_time": 0.51835036277771, "passed": false}, "11": {"execution_time": 0.5588116645812988, "passed": false}}}, "check_style_score": "0/1"}