{"version": "1", "message": "ERROR: Hidden Testcases server unreachable.", "problem_id": "ads2_m6_a1_1", "user_id": "bhaskaravsravya", "score": {"sample": {"0": {"execution_time": 0.19261837005615234, "passed": false}, "1": {"execution_time": 0.21319580078125, "passed": false}, "2": {"execution_time": 0.22100257873535156, "passed": false}, "3": {"execution_time": 0.2060685157775879, "passed": false}, "4": {"execution_time": 0.2129201889038086, "passed": false}, "5": {"execution_time": 0.28623366355895996, "passed": false}, "6": {"execution_time": 0.20849275588989258, "passed": false}, "7": {"execution_time": 0.20738554000854492, "passed": false}, "8": {"execution_time": 0.5045654773712158, "passed": false}, "9": {"execution_time": 0.21987128257751465, "passed": false}, "10": {"execution_time": 0.23804569244384766, "passed": false}, "11": {"execution_time": 0.19362282752990723, "passed": false}}}, "check_style_score": "0/1"}