{"version": "1", "message": "ERROR: Hidden Testcases server unreachable.", "problem_id": "ads2_m6_a1_1", "user_id": "bhaskaravsravya", "score": {"sample": {"0": {"execution_time": 0.5384640693664551, "passed": false}, "1": {"execution_time": 0.4837806224822998, "passed": false}, "2": {"execution_time": 0.36165904998779297, "passed": false}, "3": {"execution_time": 0.439469575881958, "passed": false}, "4": {"execution_time": 0.515388011932373, "passed": false}, "5": {"execution_time": 0.3300960063934326, "passed": false}, "6": {"execution_time": 0.31702184677124023, "passed": false}, "7": {"execution_time": 0.27613067626953125, "passed": false}, "8": {"execution_time": 0.33534693717956543, "passed": false}, "9": {"execution_time": 0.41663265228271484, "passed": false}, "10": {"execution_time": 0.4556868076324463, "passed": false}, "11": {"execution_time": 0.5074014663696289, "passed": false}}}, "check_style_score": "0/1"}