{"version": "1", "message": "ERROR: Hidden Testcases server unreachable.", "problem_id": "ads2_m6_a1_1", "user_id": "bhaskaravsravya", "score": {"sample": {"0": {"execution_time": 0.6335539817810059, "passed": false}, "1": {"execution_time": 0.5513827800750732, "passed": false}, "2": {"execution_time": 0.5517747402191162, "passed": false}, "3": {"execution_time": 0.5477447509765625, "passed": false}, "4": {"execution_time": 0.48494386672973633, "passed": false}, "5": {"execution_time": 0.569899320602417, "passed": false}, "6": {"execution_time": 0.4434025287628174, "passed": true}, "7": {"execution_time": 0.5517904758453369, "passed": false}, "8": {"execution_time": 0.5267877578735352, "passed": true}, "9": {"execution_time": 0.5174059867858887, "passed": false}, "10": {"execution_time": 0.5046558380126953, "passed": true}, "11": {"execution_time": 0.5794069766998291, "passed": false}}}, "check_style_score": "0/1"}