{"version": "1", "message": "ERROR: Hidden Testcases server unreachable.", "problem_id": "ads2_m6_a1_1", "user_id": "bhaskaravsravya", "score": {"sample": {"0": {"execution_time": 0.4199235439300537, "passed": false}, "1": {"execution_time": 0.539625883102417, "passed": false}, "2": {"execution_time": 0.49115562438964844, "passed": false}, "3": {"execution_time": 0.44779229164123535, "passed": false}, "4": {"execution_time": 0.5015463829040527, "passed": true}, "5": {"execution_time": 0.5099735260009766, "passed": false}, "6": {"execution_time": 0.46161437034606934, "passed": true}, "7": {"execution_time": 0.35286664962768555, "passed": false}, "8": {"execution_time": 0.44641923904418945, "passed": true}, "9": {"execution_time": 0.505190372467041, "passed": true}, "10": {"execution_time": 0.40215373039245605, "passed": true}, "11": {"execution_time": 0.4955878257751465, "passed": false}}}, "check_style_score": "0/1"}