{"version": "1", "message": "ERROR: Hidden Testcases server unreachable.", "problem_id": "ads2_m6_a1_1", "user_id": "bhaskaravsravya", "score": {"sample": {"0": {"execution_time": 0.20902585983276367, "passed": false}, "1": {"execution_time": 0.2596127986907959, "passed": false}, "2": {"execution_time": 0.2622652053833008, "passed": false}, "3": {"execution_time": 0.24831700325012207, "passed": false}, "4": {"execution_time": 0.3042943477630615, "passed": false}, "5": {"execution_time": 0.3029146194458008, "passed": false}, "6": {"execution_time": 0.2214796543121338, "passed": true}, "7": {"execution_time": 0.28096914291381836, "passed": false}, "8": {"execution_time": 0.30837440490722656, "passed": true}, "9": {"execution_time": 0.2654609680175781, "passed": false}, "10": {"execution_time": 0.6319341659545898, "passed": true}, "11": {"execution_time": 0.28137803077697754, "passed": false}}}, "check_style_score": "0/1"}