{"version": "1", "message": "ERROR: Hidden Testcases server unreachable.", "problem_id": "ads2_m6_a1_1", "user_id": "bhaskaravsravya", "score": {"sample": {"0": {"execution_time": 0.5310103893280029, "passed": false}, "1": {"execution_time": 0.46070075035095215, "passed": false}, "2": {"execution_time": 0.44209790229797363, "passed": false}, "3": {"execution_time": 0.40061068534851074, "passed": false}, "4": {"execution_time": 0.4985790252685547, "passed": false}, "5": {"execution_time": 0.4942004680633545, "passed": false}, "6": {"execution_time": 0.4609060287475586, "passed": false}, "7": {"execution_time": 0.26626157760620117, "passed": false}, "8": {"execution_time": 0.40023183822631836, "passed": false}, "9": {"execution_time": 0.404097318649292, "passed": false}, "10": {"execution_time": 0.4909374713897705, "passed": false}, "11": {"execution_time": 0.3973724842071533, "passed": false}}}, "check_style_score": "0/1"}