{"version": "1", "message": "ERROR: Hidden Testcases server unreachable.", "problem_id": "ads2_m6_a1_1", "user_id": "bhaskaravsravya", "score": {"sample": {"0": {"execution_time": 0.20664095878601074, "passed": false}, "1": {"execution_time": 0.20983505249023438, "passed": false}, "2": {"execution_time": 0.21095681190490723, "passed": false}, "3": {"execution_time": 0.23525452613830566, "passed": false}, "4": {"execution_time": 0.18668842315673828, "passed": false}, "5": {"execution_time": 0.2397594451904297, "passed": false}, "6": {"execution_time": 0.24156665802001953, "passed": true}, "7": {"execution_time": 0.25311779975891113, "passed": false}, "8": {"execution_time": 0.2210531234741211, "passed": true}, "9": {"execution_time": 0.22130417823791504, "passed": false}, "10": {"execution_time": 0.24157238006591797, "passed": true}, "11": {"execution_time": 0.2443675994873047, "passed": false}}}, "check_style_score": "0/1"}