{"version": "1", "message": "ERROR: Hidden Testcases server unreachable.", "problem_id": "ads2_m6_a1_1", "user_id": "bhaskaravsravya", "score": {"sample": {"0": {"execution_time": 0.2028493881225586, "passed": false}, "1": {"execution_time": 0.2145838737487793, "passed": false}, "2": {"execution_time": 0.23308587074279785, "passed": false}, "3": {"execution_time": 0.23757123947143555, "passed": false}, "4": {"execution_time": 0.2617495059967041, "passed": true}, "5": {"execution_time": 0.1762533187866211, "passed": false}, "6": {"execution_time": 0.2649040222167969, "passed": true}, "7": {"execution_time": 0.2340836524963379, "passed": false}, "8": {"execution_time": 0.20769166946411133, "passed": true}, "9": {"execution_time": 0.27606964111328125, "passed": true}, "10": {"execution_time": 0.1967923641204834, "passed": true}, "11": {"execution_time": 0.2642941474914551, "passed": false}}}, "check_style_score": "0/1"}