{"version": "1", "message": "ERROR: Hidden Testcases server unreachable.", "problem_id": "ads2_m6_a1_1", "user_id": "bhaskaravsravya", "score": {"sample": {"0": {"execution_time": 0.4893946647644043, "passed": false}, "1": {"execution_time": 0.4587550163269043, "passed": false}, "2": {"execution_time": 0.5196943283081055, "passed": false}, "3": {"execution_time": 0.5510225296020508, "passed": false}, "4": {"execution_time": 0.46622705459594727, "passed": false}, "5": {"execution_time": 0.5653157234191895, "passed": false}, "6": {"execution_time": 0.5372536182403564, "passed": true}, "7": {"execution_time": 0.5174224376678467, "passed": false}, "8": {"execution_time": 0.4902007579803467, "passed": true}, "9": {"execution_time": 0.6570372581481934, "passed": false}, "10": {"execution_time": 0.5456843376159668, "passed": true}, "11": {"execution_time": 0.520134687423706, "passed": false}}}, "check_style_score": "0/1"}