{"version": "1", "message": "ERROR: Hidden Testcases server unreachable.", "problem_id": "ads2_m6_a1_1", "user_id": "bhaskaravsravya", "score": {"sample": {"0": {"execution_time": 0.24074459075927734, "passed": false}, "1": {"execution_time": 0.28513145446777344, "passed": false}, "2": {"execution_time": 0.2561342716217041, "passed": false}, "3": {"execution_time": 0.28446531295776367, "passed": false}, "4": {"execution_time": 0.24918317794799805, "passed": false}, "5": {"execution_time": 0.2986154556274414, "passed": false}, "6": {"execution_time": 0.27576589584350586, "passed": true}, "7": {"execution_time": 0.2573854923248291, "passed": false}, "8": {"execution_time": 0.23567605018615723, "passed": true}, "9": {"execution_time": 0.27233099937438965, "passed": false}, "10": {"execution_time": 0.22781109809875488, "passed": false}, "11": {"execution_time": 0.2564666271209717, "passed": false}}}, "check_style_score": "0/1"}