{"version": "1", "message": "ERROR: Hidden Testcases server unreachable.", "problem_id": "ads2_m6_a1_1", "user_id": "bhaskaravsravya", "score": {"sample": {"0": {"execution_time": 0.22680187225341797, "passed": false}, "1": {"execution_time": 0.2530248165130615, "passed": false}, "2": {"execution_time": 0.24534368515014648, "passed": false}, "3": {"execution_time": 0.23711895942687988, "passed": false}, "4": {"execution_time": 0.25625014305114746, "passed": false}, "5": {"execution_time": 0.24088048934936523, "passed": false}, "6": {"execution_time": 0.2004985809326172, "passed": true}, "7": {"execution_time": 0.23716163635253906, "passed": false}, "8": {"execution_time": 0.24079060554504395, "passed": true}, "9": {"execution_time": 0.20311546325683594, "passed": false}, "10": {"execution_time": 0.20410418510437012, "passed": true}, "11": {"execution_time": 0.2405412197113037, "passed": false}}}, "check_style_score": "0/1"}