{"version": "1", "message": "ERROR: Hidden Testcases server unreachable.", "problem_id": "ads2_m6_a1_1", "user_id": "bhaskaravsravya", "score": {"sample": {"0": {"execution_time": 0.19692516326904297, "passed": false}, "1": {"execution_time": 0.19708657264709473, "passed": false}, "2": {"execution_time": 0.21280908584594727, "passed": false}, "3": {"execution_time": 0.22239446640014648, "passed": false}, "4": {"execution_time": 0.19796466827392578, "passed": false}, "5": {"execution_time": 0.2571218013763428, "passed": false}, "6": {"execution_time": 0.21923160552978516, "passed": true}, "7": {"execution_time": 0.23361635208129883, "passed": false}, "8": {"execution_time": 0.23267006874084473, "passed": true}, "9": {"execution_time": 0.24069619178771973, "passed": false}, "10": {"execution_time": 0.23018097877502441, "passed": false}, "11": {"execution_time": 0.24014019966125488, "passed": false}}}, "check_style_score": "0/1"}