{"version": "1", "message": "ERROR: Hidden Testcases server unreachable.", "problem_id": "ads2_m6_a1_1", "user_id": "bhaskaravsravya", "score": {"sample": {"0": {"execution_time": 0.20161223411560059, "passed": false}, "1": {"execution_time": 0.19914031028747559, "passed": false}, "2": {"execution_time": 0.23154973983764648, "passed": false}, "3": {"execution_time": 0.2129685878753662, "passed": false}, "4": {"execution_time": 0.21233844757080078, "passed": false}, "5": {"execution_time": 0.20923471450805664, "passed": false}, "6": {"execution_time": 0.22350263595581055, "passed": true}, "7": {"execution_time": 0.20465350151062012, "passed": false}, "8": {"execution_time": 0.2089536190032959, "passed": true}, "9": {"execution_time": 0.21752023696899414, "passed": false}, "10": {"execution_time": 0.20698142051696777, "passed": false}, "11": {"execution_time": 0.277482271194458, "passed": false}}}, "check_style_score": "0/1"}