{"version": "1", "message": "ERROR: Hidden Testcases server unreachable.", "problem_id": "ads2_m6_a1_1", "user_id": "bhaskaravsravya", "score": {"sample": {"0": {"execution_time": 0.5000572204589844, "passed": false}, "1": {"execution_time": 0.24120116233825684, "passed": false}, "2": {"execution_time": 0.264662504196167, "passed": false}, "3": {"execution_time": 0.2570149898529053, "passed": false}, "4": {"execution_time": 0.24536824226379395, "passed": false}, "5": {"execution_time": 0.2884221076965332, "passed": false}, "6": {"execution_time": 0.26662373542785645, "passed": true}, "7": {"execution_time": 0.25929760932922363, "passed": false}, "8": {"execution_time": 0.20346951484680176, "passed": true}, "9": {"execution_time": 0.24017977714538574, "passed": false}, "10": {"execution_time": 0.2440650463104248, "passed": false}, "11": {"execution_time": 0.3289632797241211, "passed": false}}}, "check_style_score": "0/1"}