{"version": "1", "message": "ERROR: Hidden Testcases server unreachable.", "problem_id": "ads2_m6_a1_1", "user_id": "bhaskaravsravya", "score": {"sample": {"0": {"execution_time": 0.20567584037780762, "passed": false}, "1": {"execution_time": 0.22781991958618164, "passed": false}, "2": {"execution_time": 0.20787906646728516, "passed": false}, "3": {"execution_time": 0.22508859634399414, "passed": false}, "4": {"execution_time": 0.22825980186462402, "passed": false}, "5": {"execution_time": 0.2091817855834961, "passed": false}, "6": {"execution_time": 0.20377326011657715, "passed": true}, "7": {"execution_time": 0.23595523834228516, "passed": false}, "8": {"execution_time": 0.26435375213623047, "passed": true}, "9": {"execution_time": 0.20506715774536133, "passed": false}, "10": {"execution_time": 0.2151932716369629, "passed": false}, "11": {"execution_time": 0.22186493873596191, "passed": false}}}, "check_style_score": "0/1"}