{"version": "1", "message": "ERROR: Hidden Testcases server unreachable.", "problem_id": "ads2_m6_a1_1", "user_id": "bhaskaravsravya", "score": {"sample": {"0": {"execution_time": 0.1995851993560791, "passed": false}, "1": {"execution_time": 0.24039030075073242, "passed": false}, "2": {"execution_time": 0.23862290382385254, "passed": false}, "3": {"execution_time": 0.20934295654296875, "passed": false}, "4": {"execution_time": 0.2054917812347412, "passed": true}, "5": {"execution_time": 0.21309971809387207, "passed": false}, "6": {"execution_time": 0.2431621551513672, "passed": true}, "7": {"execution_time": 0.2081000804901123, "passed": false}, "8": {"execution_time": 0.2098386287689209, "passed": true}, "9": {"execution_time": 0.19809246063232422, "passed": true}, "10": {"execution_time": 0.1889183521270752, "passed": true}, "11": {"execution_time": 0.22514677047729492, "passed": false}}}, "check_style_score": "0/1"}