{"version": "1", "message": "ERROR: Hidden Testcases server unreachable.", "problem_id": "ads2_m6_a1_1", "user_id": "bhaskaravsravya", "score": {"sample": {"0": {"execution_time": 0.2104778289794922, "passed": false}, "1": {"execution_time": 0.2890279293060303, "passed": false}, "2": {"execution_time": 0.24165844917297363, "passed": false}, "3": {"execution_time": 0.30383825302124023, "passed": false}, "4": {"execution_time": 0.2612154483795166, "passed": false}, "5": {"execution_time": 0.28766512870788574, "passed": false}, "6": {"execution_time": 0.2472386360168457, "passed": true}, "7": {"execution_time": 0.2831900119781494, "passed": false}, "8": {"execution_time": 0.28377318382263184, "passed": true}, "9": {"execution_time": 0.2721714973449707, "passed": false}, "10": {"execution_time": 0.23264813423156738, "passed": false}, "11": {"execution_time": 0.2551603317260742, "passed": false}}}, "check_style_score": "0/1"}