{"version": "1", "message": "ERROR: Hidden Testcases server unreachable.", "problem_id": "ads2_m6_a1_1", "user_id": "bhaskaravsravya", "score": {"sample": {"0": {"execution_time": 0.21483063697814941, "passed": false}, "1": {"execution_time": 0.18057870864868164, "passed": false}, "2": {"execution_time": 0.20425844192504883, "passed": false}, "3": {"execution_time": 0.29751110076904297, "passed": false}, "4": {"execution_time": 0.2268381118774414, "passed": false}, "5": {"execution_time": 0.2140181064605713, "passed": false}, "6": {"execution_time": 0.22833776473999023, "passed": true}, "7": {"execution_time": 0.23220586776733398, "passed": false}, "8": {"execution_time": 0.27172112464904785, "passed": true}, "9": {"execution_time": 0.2111802101135254, "passed": false}, "10": {"execution_time": 0.2511157989501953, "passed": true}, "11": {"execution_time": 0.22703075408935547, "passed": false}}}, "check_style_score": "0/1"}