{"version": "1", "message": "ERROR: Hidden Testcases server unreachable.", "problem_id": "ads2_m6_a1_1", "user_id": "bhaskaravsravya", "score": {"sample": {"0": {"execution_time": 0.5984907150268555, "passed": false}, "1": {"execution_time": 0.6628365516662598, "passed": false}, "2": {"execution_time": 0.5436515808105469, "passed": false}, "3": {"execution_time": 0.47382211685180664, "passed": false}, "4": {"execution_time": 0.34667348861694336, "passed": false}, "5": {"execution_time": 0.6167740821838379, "passed": false}, "6": {"execution_time": 0.47207212448120117, "passed": true}, "7": {"execution_time": 0.3904569149017334, "passed": false}, "8": {"execution_time": 0.5494480133056641, "passed": true}, "9": {"execution_time": 0.5248575210571289, "passed": false}, "10": {"execution_time": 0.49274253845214844, "passed": true}, "11": {"execution_time": 0.4521946907043457, "passed": false}}}, "check_style_score": "0/1"}