{"version": "1", "message": "ERROR: Hidden Testcases server unreachable.", "problem_id": "ads2_m6_a1_1", "user_id": "bhaskaravsravya", "score": {"sample": {"0": {"execution_time": 0.19068598747253418, "passed": false}, "1": {"execution_time": 0.21539926528930664, "passed": false}, "2": {"execution_time": 0.22328472137451172, "passed": false}, "3": {"execution_time": 0.22596454620361328, "passed": false}, "4": {"execution_time": 0.21502113342285156, "passed": false}, "5": {"execution_time": 0.23058366775512695, "passed": false}, "6": {"execution_time": 0.21021747589111328, "passed": true}, "7": {"execution_time": 0.2167367935180664, "passed": false}, "8": {"execution_time": 0.2339620590209961, "passed": true}, "9": {"execution_time": 0.18781757354736328, "passed": false}, "10": {"execution_time": 0.22682738304138184, "passed": false}, "11": {"execution_time": 0.29198288917541504, "passed": false}}}, "check_style_score": "0/1"}