{"version": "1", "message": "ERROR: Hidden Testcases server unreachable.", "problem_id": "ads2_m6_a1_1", "user_id": "bhaskaravsravya", "score": {"sample": {"0": {"execution_time": 0.590529203414917, "passed": false}, "1": {"execution_time": 0.54756760597229, "passed": false}, "2": {"execution_time": 0.5988502502441406, "passed": false}, "3": {"execution_time": 0.48975086212158203, "passed": false}, "4": {"execution_time": 0.4036870002746582, "passed": false}, "5": {"execution_time": 0.531376838684082, "passed": false}, "6": {"execution_time": 0.49407005310058594, "passed": false}, "7": {"execution_time": 0.48273801803588867, "passed": false}, "8": {"execution_time": 0.3669464588165283, "passed": false}, "9": {"execution_time": 0.4596059322357178, "passed": false}, "10": {"execution_time": 0.45001888275146484, "passed": false}, "11": {"execution_time": 0.5405399799346924, "passed": false}}}, "check_style_score": "0/1"}