{"version": "1", "message": "ERROR: Hidden Testcases server unreachable.", "problem_id": "ads2_m6_a1_1", "user_id": "bhaskaravsravya", "score": {"sample": {"0": {"execution_time": 0.42252063751220703, "passed": false}, "1": {"execution_time": 0.5458011627197266, "passed": false}, "2": {"execution_time": 0.36557483673095703, "passed": false}, "3": {"execution_time": 0.3612966537475586, "passed": false}, "4": {"execution_time": 0.49495601654052734, "passed": true}, "5": {"execution_time": 0.43909144401550293, "passed": false}, "6": {"execution_time": 0.3861808776855469, "passed": true}, "7": {"execution_time": 0.4110298156738281, "passed": false}, "8": {"execution_time": 0.4623448848724365, "passed": true}, "9": {"execution_time": 0.43699026107788086, "passed": true}, "10": {"execution_time": 0.38353753089904785, "passed": true}, "11": {"execution_time": 0.524876594543457, "passed": false}}}, "check_style_score": "0/1"}