{"version": "1", "message": "ERROR: Hidden Testcases server unreachable.", "problem_id": "ads2_m6_a1_1", "user_id": "bhaskaravsravya", "score": {"sample": {"0": {"execution_time": 0.21406888961791992, "passed": false}, "1": {"execution_time": 0.2429511547088623, "passed": false}, "2": {"execution_time": 0.22411441802978516, "passed": false}, "3": {"execution_time": 0.24190735816955566, "passed": false}, "4": {"execution_time": 0.20641326904296875, "passed": false}, "5": {"execution_time": 0.24261736869812012, "passed": false}, "6": {"execution_time": 0.212385892868042, "passed": false}, "7": {"execution_time": 0.22489476203918457, "passed": false}, "8": {"execution_time": 0.22618317604064941, "passed": false}, "9": {"execution_time": 0.20557546615600586, "passed": false}, "10": {"execution_time": 0.25673341751098633, "passed": false}, "11": {"execution_time": 0.23749494552612305, "passed": false}}}, "check_style_score": "0/1"}