{"version": "1", "message": "ERROR: Hidden Testcases server unreachable.", "problem_id": "ads2_m6_a1_1", "user_id": "bhaskaravsravya", "score": {"sample": {"0": {"execution_time": 0.1804676055908203, "passed": false}, "1": {"execution_time": 0.2064814567565918, "passed": false}, "2": {"execution_time": 0.19612717628479004, "passed": false}, "3": {"execution_time": 0.22608685493469238, "passed": false}, "4": {"execution_time": 0.1916184425354004, "passed": false}, "5": {"execution_time": 0.19460034370422363, "passed": false}, "6": {"execution_time": 0.2104029655456543, "passed": false}, "7": {"execution_time": 0.19168806076049805, "passed": false}, "8": {"execution_time": 0.21480846405029297, "passed": false}, "9": {"execution_time": 0.20511722564697266, "passed": false}, "10": {"execution_time": 0.18539142608642578, "passed": false}, "11": {"execution_time": 0.1893472671508789, "passed": false}}}, "check_style_score": "0/1"}