{"version": "1", "message": "ERROR: Hidden Testcases server unreachable.", "problem_id": "ads2_m6_a1_1", "user_id": "bhaskaravsravya", "score": {"sample": {"0": {"execution_time": 0.1790604591369629, "passed": false}, "1": {"execution_time": 0.1944715976715088, "passed": false}, "2": {"execution_time": 0.19048309326171875, "passed": false}, "3": {"execution_time": 0.1878499984741211, "passed": false}, "4": {"execution_time": 0.21623587608337402, "passed": false}, "5": {"execution_time": 0.18890619277954102, "passed": false}, "6": {"execution_time": 0.19078707695007324, "passed": false}, "7": {"execution_time": 0.1896975040435791, "passed": false}, "8": {"execution_time": 0.15852093696594238, "passed": false}, "9": {"execution_time": 0.19220566749572754, "passed": false}, "10": {"execution_time": 0.24288249015808105, "passed": false}, "11": {"execution_time": 0.19364261627197266, "passed": false}}}, "check_style_score": "0/1"}