{"version": "1", "message": "ERROR: Hidden Testcases server unreachable.", "problem_id": "ads2_m6_a1_1", "user_id": "bhaskaravsravya", "score": {"sample": {"0": {"execution_time": 0.5516352653503418, "passed": false}, "1": {"execution_time": 0.5402164459228516, "passed": false}, "2": {"execution_time": 0.4020512104034424, "passed": false}, "3": {"execution_time": 0.591090202331543, "passed": false}, "4": {"execution_time": 0.6335587501525879, "passed": false}, "5": {"execution_time": 0.6046285629272461, "passed": false}, "6": {"execution_time": 0.6411950588226318, "passed": true}, "7": {"execution_time": 0.5809154510498047, "passed": false}, "8": {"execution_time": 0.44461584091186523, "passed": true}, "9": {"execution_time": 0.492570161819458, "passed": false}, "10": {"execution_time": 0.6122424602508545, "passed": true}, "11": {"execution_time": 0.4223024845123291, "passed": false}}}, "check_style_score": "0/1"}