{"version": "1", "message": "ERROR: Hidden Testcases server unreachable.", "problem_id": "ads2_m6_a1_1", "user_id": "bhaskaravsravya", "score": {"sample": {"0": {"execution_time": 0.5097556114196777, "passed": false}, "1": {"execution_time": 0.6562917232513428, "passed": false}, "2": {"execution_time": 0.3885064125061035, "passed": false}, "3": {"execution_time": 0.49541568756103516, "passed": false}, "4": {"execution_time": 0.5162451267242432, "passed": true}, "5": {"execution_time": 0.4169478416442871, "passed": false}, "6": {"execution_time": 0.49664855003356934, "passed": true}, "7": {"execution_time": 0.5033559799194336, "passed": false}, "8": {"execution_time": 0.46834325790405273, "passed": true}, "9": {"execution_time": 0.5703389644622803, "passed": true}, "10": {"execution_time": 0.38266777992248535, "passed": true}, "11": {"execution_time": 0.5208103656768799, "passed": false}}}, "check_style_score": "0/1"}