{"version": "1", "message": "ERROR: Hidden Testcases server unreachable.", "problem_id": "ads2_m6_a1_1", "user_id": "bhaskaravsravya", "score": {"sample": {"0": {"execution_time": 0.5299866199493408, "passed": false}, "1": {"execution_time": 0.4660487174987793, "passed": false}, "2": {"execution_time": 0.456376314163208, "passed": false}, "3": {"execution_time": 1.015500783920288, "passed": false}, "4": {"execution_time": 0.5176715850830078, "passed": false}, "5": {"execution_time": 0.5932371616363525, "passed": false}, "6": {"execution_time": 0.42874789237976074, "passed": true}, "7": {"execution_time": 0.6301727294921875, "passed": false}, "8": {"execution_time": 0.43351030349731445, "passed": true}, "9": {"execution_time": 0.48309922218322754, "passed": false}, "10": {"execution_time": 0.5709517002105713, "passed": true}, "11": {"execution_time": 0.5699257850646973, "passed": false}}}, "check_style_score": "0/1"}