{"version": "1", "message": "ERROR: Hidden Testcases server unreachable.", "problem_id": "ads2_m6_a1_1", "user_id": "bhaskaravsravya", "score": {"sample": {"0": {"execution_time": 0.36456847190856934, "passed": false}, "1": {"execution_time": 0.4489917755126953, "passed": false}, "2": {"execution_time": 0.4800252914428711, "passed": false}, "3": {"execution_time": 0.5240774154663086, "passed": false}, "4": {"execution_time": 0.4910902976989746, "passed": true}, "5": {"execution_time": 0.4313812255859375, "passed": false}, "6": {"execution_time": 0.43845701217651367, "passed": true}, "7": {"execution_time": 0.36116981506347656, "passed": false}, "8": {"execution_time": 0.48012232780456543, "passed": true}, "9": {"execution_time": 0.5399067401885986, "passed": true}, "10": {"execution_time": 0.36077260971069336, "passed": true}, "11": {"execution_time": 0.41567158699035645, "passed": false}}}, "check_style_score": "0/1"}