{"version": "1", "message": "ERROR: Hidden Testcases server unreachable.", "problem_id": "ads2_m6_a1_1", "user_id": "bhaskaravsravya", "score": {"sample": {"0": {"execution_time": 0.32421207427978516, "passed": false}, "1": {"execution_time": 0.29700756072998047, "passed": false}, "2": {"execution_time": 0.3679380416870117, "passed": false}, "3": {"execution_time": 0.42980146408081055, "passed": false}, "4": {"execution_time": 0.5379765033721924, "passed": true}, "5": {"execution_time": 0.43674182891845703, "passed": false}, "6": {"execution_time": 0.5310056209564209, "passed": true}, "7": {"execution_time": 0.38718175888061523, "passed": false}, "8": {"execution_time": 0.4725615978240967, "passed": true}, "9": {"execution_time": 0.5645849704742432, "passed": true}, "10": {"execution_time": 0.5085010528564453, "passed": true}, "11": {"execution_time": 0.5685639381408691, "passed": false}}}, "check_style_score": "0/1"}