{"version": "1", "message": "ERROR: Hidden Testcases server unreachable.", "problem_id": "ads2_m6_a1_1", "user_id": "bhaskaravsravya", "score": {"sample": {"0": {"execution_time": 0.1715409755706787, "passed": false}, "1": {"execution_time": 0.1984703540802002, "passed": false}, "2": {"execution_time": 0.20508074760437012, "passed": false}, "3": {"execution_time": 0.18688440322875977, "passed": false}, "4": {"execution_time": 0.1820681095123291, "passed": false}, "5": {"execution_time": 0.2016758918762207, "passed": false}, "6": {"execution_time": 0.17589282989501953, "passed": false}, "7": {"execution_time": 0.1637415885925293, "passed": false}, "8": {"execution_time": 0.1961040496826172, "passed": false}, "9": {"execution_time": 0.17187976837158203, "passed": false}, "10": {"execution_time": 0.1853327751159668, "passed": false}, "11": {"execution_time": 0.1657581329345703, "passed": false}}}, "check_style_score": "0/1"}