{"version": "1", "message": "ERROR: Hidden Testcases server unreachable.", "problem_id": "ads2_m6_a1_1", "user_id": "bhaskaravsravya", "score": {"sample": {"0": {"execution_time": 0.4376366138458252, "passed": false}, "1": {"execution_time": 0.3707606792449951, "passed": false}, "2": {"execution_time": 0.43670225143432617, "passed": false}, "3": {"execution_time": 0.6002752780914307, "passed": false}, "4": {"execution_time": 0.5163431167602539, "passed": false}, "5": {"execution_time": 0.5902445316314697, "passed": false}, "6": {"execution_time": 0.8338057994842529, "passed": true}, "7": {"execution_time": 0.511969804763794, "passed": false}, "8": {"execution_time": 0.49475717544555664, "passed": true}, "9": {"execution_time": 0.31515979766845703, "passed": false}, "10": {"execution_time": 0.49581456184387207, "passed": true}, "11": {"execution_time": 0.46558547019958496, "passed": false}}}, "check_style_score": "0/1"}